order_id,customer_id,product,quantity,price,order_date
1,1,product_49,9,47.76,2024-09-02
2,1,product_30,1,6.12,2024-09-08
3,1,product_14,1,456.21,2024-07-16
4,2,product_6,8,124.69,2024-11-20
5,2,product_50,1,98.58,2024-12-19
6,2,product_50,8,59.04,2024-06-10
7,3,product_38,2,248.38,2024-07-01
8,4,product_40,2,7.85,2024-06-17
9,4,product_40,2,184.03,2024-12-08
10,7,product_53,3,63.37,2024-08-25
11,7,product_20,5,326.12,2024-04-21
12,8,product_18,1,142.14,2024-08-03
13,8,product_39,6,440.89,2024-07-22
14,8,product_56,1,377.41,2024-11-13
15,8,product_43,7,138.32,2024-12-01
16,9,product_45,1,469.41,2024-02-23
17,9,product_43,1,438.16,2024-07-14
18,10,product_57,9,26.2,2024-05-11
19,10,product_17,9,86.7,2024-08-05
20,12,product_54,6,275.11,2024-11-02
21,12,product_7,2,194.7,2024-01-10
22,13,product_60,7,377.89,2024-08-22
23,13,product_1,4,193.82,2024-11-03
24,13,product_39,7,298.05,2024-11-08
25,13,product_58,3,124.94,2024-02-13
26,14,product_56,7,36.24,2024-01-26
27,14,product_25,6,434.84,2024-06-08
28,14,product_2,5,329.53,2024-06-28
29,16,product_23,6,355.95,2024-05-26
30,17,product_44,9,229.32,2024-01-01
31,17,product_47,7,260.66,2024-10-21
32,18,product_48,4,403.57,2024-02-28
33,19,product_29,6,11.23,2024-10-01
34,19,product_28,2,410.19,2024-04-23
35,19,product_52,2,193.76,2024-12-15
36,20,product_52,8,61.07,2024-12-23
37,22,product_48,2,471.26,2024-03-07
38,22,product_46,6,183.46,2024-01-16
39,22,product_45,4,429.78,2024-09-02
40,22,product_49,9,190.77,2024-10-26
41,23,product_15,1,232.74,2024-07-11
42,23,product_25,7,374.32,2024-07-21
43,24,product_4,9,109.78,2024-04-03
44,24,product_30,5,44.94,2024-07-14
45,24,product_29,7,381.31,2024-12-28
46,24,product_8,5,319.37,2024-04-03
47,25,product_49,1,25.59,2024-09-04
48,25,product_5,6,391.61,2024-11-23
49,25,product_1,5,462.48,2024-06-23
50,26,product_31,7,365.78,2024-12-22
51,26,product_8,7,224.61,2024-08-23
52,26,product_8,3,218.74,2024-12-23
53,26,product_60,1,263.55,2024-08-23
54,27,product_2,9,243.31,2024-04-14
55,27,product_48,2,387.93,2024-10-24
56,28,product_21,6,404.7,2024-11-12
57,30,product_30,1,234.68,2024-08-02
58,30,product_21,1,224.88,2024-09-20
59,31,product_51,6,341.65,2024-04-23
60,31,product_57,1,147.94,2024-10-20
61,32,product_48,2,217.81,2024-12-28
62,32,product_34,1,234.64,2024-08-20
63,32,product_58,1,470.58,2024-02-07
64,32,product_26,1,425.97,2024-11-06
65,34,product_59,9,445.82,2024-12-11
66,34,product_39,8,392.81,2024-01-10
67,35,product_53,2,22.96,2024-12-20
68,35,product_44,5,48.79,2024-04-17
69,36,product_37,7,395.84,2024-03-13
70,36,product_42,5,150.64,2024-10-28
71,36,product_29,7,289.25,2024-05-25
72,36,product_33,4,142.86,2024-07-25
73,39,product_46,5,59.15,2024-08-26
74,39,product_41,3,496.86,2024-12-19
75,40,product_34,3,436.08,2024-07-25
76,40,product_1,6,285.16,2024-01-07
77,41,product_25,1,39.98,2024-10-10
78,41,product_11,1,293.86,2024-04-25
79,41,product_39,5,487.27,2024-01-22
80,41,product_24,7,65.7,2024-05-12
81,43,product_3,8,27.67,2024-01-18
82,43,product_21,5,457.54,2024-05-21
83,43,product_55,1,27.25,2024-08-21
84,43,product_60,3,198.98,2024-11-01
85,44,product_4,8,7.7,2024-05-27
86,44,product_37,8,12.64,2024-03-21
87,45,product_57,1,26.51,2024-09-22
88,46,product_27,5,446.29,2024-12-11
89,46,product_50,2,355.66,2024-05-15
90,47,product_12,1,462.85,2024-08-13
91,47,product_46,2,304.45,2024-05-23
92,47,product_14,8,110.91,2024-08-15
93,48,product_53,9,307.96,2024-08-19
94,48,product_28,5,198.25,2024-04-07
95,48,product_51,6,191.21,2024-10-02
96,49,product_18,7,446.79,2024-01-10
97,49,product_36,1,138.02,2024-05-24
98,49,product_27,1,290.22,2024-04-05
99,50,product_34,8,131.0,2024-08-21
100,51,product_52,5,73.75,2024-04-12
101,52,product_5,6,398.36,2024-12-15
102,52,product_52,3,469.25,2024-02-14
103,52,product_54,4,448.76,2024-03-16
104,52,product_59,1,415.4,2024-07-12
105,53,product_17,6,107.5,2024-07-21
106,54,product_20,4,26.5,2024-01-07
107,54,product_28,4,351.41,2024-06-10
108,55,product_12,5,87.66,2024-12-09
109,56,product_46,3,419.4,2024-03-28
110,56,product_9,6,357.4,2024-11-19
111,56,product_27,5,107.27,2024-01-08
112,56,product_9,6,182.65,2024-11-17
113,57,product_7,6,498.95,2024-10-20
114,57,product_35,2,170.55,2024-12-09
115,59,product_36,6,112.74,2024-05-07
116,59,product_22,6,27.11,2024-07-01
117,59,product_21,3,383.51,2024-03-10
118,59,product_17,6,174.64,2024-09-04
119,60,product_28,8,445.4,2024-03-21
120,60,product_34,6,275.74,2024-08-18
121,60,product_40,8,437.83,2024-04-02
122,61,product_50,9,248.6,2024-04-19
123,61,product_56,6,420.99,2024-10-12
124,61,product_9,8,436.91,2024-02-09
125,61,product_28,5,98.76,2024-12-16
126,62,product_49,6,347.96,2024-06-02
127,63,product_43,2,14.83,2024-11-17
128,63,product_3,4,358.38,2024-07-22
129,63,product_29,7,180.13,2024-05-01
130,63,product_18,6,295.75,2024-05-12
131,64,product_22,3,401.44,2024-12-24
132,64,product_25,9,478.29,2024-10-21
133,64,product_42,2,448.52,2024-01-02
134,65,product_48,9,23.98,2024-10-20
135,65,product_11,2,175.73,2024-05-14
136,65,product_3,4,162.39,2024-08-01
137,65,product_16,6,315.17,2024-09-10
138,66,product_42,4,18.88,2024-01-05
139,66,product_42,4,379.54,2024-03-22
140,67,product_36,1,435.82,2024-06-21
141,67,product_11,7,276.26,2024-04-08
142,68,product_1,2,90.24,2024-08-02
143,69,product_12,3,280.06,2024-09-02
144,69,product_41,6,146.14,2024-08-02
145,70,product_22,3,74.58,2024-03-05
146,70,product_21,9,487.14,2024-04-24
147,71,product_35,8,34.87,2024-09-19
148,71,product_26,5,120.23,2024-12-17
149,71,product_31,4,420.41,2024-10-15
150,71,product_20,3,277.4,2024-07-24
151,72,product_30,7,221.33,2024-07-28
152,72,product_53,7,79.1,2024-02-13
153,73,product_1,8,181.8,2024-05-10
154,74,product_53,2,322.25,2024-03-11
155,74,product_2,5,486.44,2024-05-02
156,74,product_37,4,158.05,2024-06-02
157,75,product_21,8,473.16,2024-08-22
158,76,product_56,5,141.71,2024-01-09
159,76,product_45,7,109.37,2024-04-17
160,76,product_13,5,205.0,2024-07-24
161,76,product_8,5,394.53,2024-01-20
162,79,product_19,2,43.15,2024-06-15
163,79,product_11,5,26.93,2024-05-22
164,81,product_33,7,158.01,2024-06-18
165,81,product_58,5,229.12,2024-04-13
166,83,product_19,6,370.59,2024-12-09
167,83,product_34,6,413.22,2024-06-04
168,83,product_1,8,430.38,2024-04-28
169,83,product_2,6,470.4,2024-11-22
170,84,product_59,2,374.32,2024-08-23
171,86,product_13,6,138.81,2024-11-16
172,86,product_4,3,338.9,2024-06-14
173,87,product_49,8,151.72,2024-10-16
174,91,product_18,3,487.88,2024-03-08
175,91,product_14,9,395.31,2024-03-20
176,91,product_28,7,296.38,2024-10-12
177,91,product_36,1,362.57,2024-02-18
178,93,product_6,4,12.51,2024-11-28
179,93,product_11,8,232.15,2024-12-03
180,93,product_17,3,360.66,2024-07-21
181,93,product_44,7,317.21,2024-03-10
182,94,product_56,3,96.03,2024-02-01
183,94,product_58,4,175.47,2024-10-25
184,94,product_31,4,406.41,2024-09-21
185,95,product_18,7,404.69,2024-03-28
186,95,product_47,6,199.84,2024-11-17
187,95,product_47,1,5.48,2024-11-15
188,97,product_29,7,96.32,2024-10-14
189,97,product_9,7,307.8,2024-06-13
190,97,product_48,9,165.29,2024-04-16
191,97,product_12,7,405.54,2024-10-04
192,98,product_43,7,22.92,2024-05-18
193,98,product_47,9,369.63,2024-08-10
194,98,product_31,5,69.81,2024-03-13
195,99,product_49,1,40.58,2024-11-06
196,99,product_18,7,111.03,2024-05-09
197,99,product_3,2,102.42,2024-10-12
198,99,product_18,9,411.0,2024-10-12
199,100,product_54,5,212.68,2024-08-14
200,100,product_8,6,445.51,2024-03-19
201,102,product_20,6,489.19,2024-06-14
202,102,product_28,3,426.24,2024-10-09
203,102,product_5,4,264.78,2024-12-26
204,103,product_25,2,19.64,2024-11-06
205,103,product_54,7,454.5,2024-07-23
206,104,product_30,3,493.96,2024-05-27
207,105,product_35,3,420.12,2024-12-21
208,105,product_42,5,242.83,2024-07-24
209,105,product_18,3,288.86,2024-09-16
210,105,product_54,7,165.65,2024-03-12
211,106,product_29,4,51.64,2024-10-14
212,106,product_24,7,236.94,2024-12-14
213,107,product_18,6,323.38,2024-11-28
214,107,product_23,8,335.95,2024-10-17
215,108,product_24,4,52.63,2024-08-02
216,108,product_56,3,489.75,2024-08-25
217,108,product_23,4,360.71,2024-06-08
218,108,product_12,2,164.79,2024-09-06
219,109,product_16,1,127.2,2024-12-23
220,109,product_6,2,54.11,2024-12-18
221,110,product_14,9,264.23,2024-12-03
222,110,product_46,8,247.51,2024-03-07
223,110,product_12,5,27.75,2024-12-06
224,110,product_37,8,300.45,2024-09-14
225,111,product_34,6,401.99,2024-12-11
226,111,product_6,2,24.85,2024-03-19
227,112,product_50,2,197.88,2024-05-16
228,113,product_52,7,238.18,2024-06-09
229,113,product_37,2,33.07,2024-08-20
230,114,product_28,7,159.45,2024-03-19
231,114,product_4,6,366.91,2024-03-06
232,114,product_6,1,286.69,2024-02-26
233,115,product_27,3,208.72,2024-07-04
234,116,product_20,8,263.38,2024-03-04
235,116,product_30,8,359.81,2024-04-27
236,116,product_11,5,8.94,2024-09-15
237,117,product_5,8,123.02,2024-05-03
238,117,product_14,2,343.16,2024-11-15
239,118,product_7,4,33.26,2024-12-13
240,118,product_34,8,485.61,2024-06-19
241,119,product_44,7,233.19,2024-09-15
242,119,product_28,7,461.1,2024-09-07
243,119,product_6,4,226.0,2024-11-21
244,119,product_50,3,305.8,2024-09-11
245,120,product_39,7,417.44,2024-07-13
246,120,product_40,7,497.06,2024-05-20
247,120,product_33,8,105.09,2024-04-06
248,121,product_49,2,23.03,2024-09-17
249,122,product_40,1,395.34,2024-08-20
250,122,product_6,2,279.23,2024-09-04
251,122,product_2,8,296.55,2024-07-02
252,122,product_48,7,57.57,2024-12-13
253,124,product_59,2,33.99,2024-08-16
254,124,product_14,4,181.45,2024-04-01
255,126,product_11,4,74.63,2024-08-22
256,127,product_44,3,466.61,2024-06-06
257,127,product_42,1,232.5,2024-01-22
258,128,product_34,7,211.77,2024-02-25
259,128,product_29,3,182.7,2024-12-11
260,128,product_12,2,379.27,2024-06-05
261,129,product_47,3,62.36,2024-01-23
262,129,product_4,7,370.42,2024-12-06
263,131,product_38,4,226.76,2024-12-23
264,131,product_12,1,18.32,2024-01-11
265,131,product_21,8,441.78,2024-05-10
266,132,product_42,5,216.36,2024-02-09
267,132,product_15,5,315.74,2024-04-16
268,132,product_14,1,173.9,2024-02-13
269,133,product_56,1,31.03,2024-04-22
270,133,product_30,1,166.1,2024-04-06
271,133,product_47,4,367.82,2024-07-11
272,133,product_49,7,199.47,2024-09-17
273,134,product_57,1,384.07,2024-05-28
274,134,product_38,4,15.62,2024-05-01
275,135,product_50,9,103.42,2024-06-21
276,135,product_55,5,103.53,2024-11-02
277,137,product_32,8,147.95,2024-04-25
278,137,product_53,9,320.22,2024-01-22
279,137,product_54,8,197.49,2024-05-02
280,138,product_39,9,275.11,2024-08-22
281,139,product_35,8,350.56,2024-05-20
282,139,product_51,9,296.21,2024-12-24
283,139,product_26,5,297.01,2024-01-18
284,139,product_21,1,311.53,2024-02-28
285,141,product_5,9,217.56,2024-07-27
286,141,product_52,8,56.28,2024-05-21
287,143,product_28,9,255.57,2024-09-23
288,143,product_57,6,270.12,2024-10-19
289,143,product_17,7,95.25,2024-11-03
290,143,product_26,9,110.71,2024-02-09
291,144,product_6,2,183.08,2024-03-06
292,144,product_57,9,186.03,2024-04-20
293,144,product_16,6,99.17,2024-12-02
294,145,product_27,6,451.76,2024-09-25
295,146,product_32,1,47.46,2024-05-25
296,147,product_8,6,457.66,2024-07-23
297,147,product_7,4,193.04,2024-06-13
298,147,product_14,3,18.13,2024-05-14
299,148,product_43,3,88.72,2024-03-08
300,149,product_36,2,280.3,2024-09-23
301,150,product_14,9,430.12,2024-11-01
302,150,product_57,3,357.62,2024-03-07
303,150,product_9,8,155.35,2024-05-22
304,153,product_26,1,296.77,2024-06-14
305,153,product_17,7,187.55,2024-09-08
306,153,product_53,4,120.27,2024-09-19
307,153,product_26,3,83.88,2024-09-16
308,154,product_17,6,311.96,2024-01-08
309,154,product_21,4,199.94,2024-04-26
310,154,product_12,4,97.71,2024-02-11
311,154,product_42,1,282.98,2024-10-07
312,155,product_56,7,177.55,2024-07-17
313,155,product_15,3,233.48,2024-03-12
314,155,product_34,3,321.41,2024-12-26
315,155,product_13,5,495.51,2024-04-23
316,156,product_49,4,74.77,2024-06-17
317,156,product_49,3,301.47,2024-08-28
318,156,product_11,1,419.25,2024-11-02
319,156,product_56,7,165.89,2024-08-25
320,157,product_40,5,220.05,2024-03-12
321,157,product_20,3,95.43,2024-02-12
322,157,product_52,8,413.74,2024-01-02
323,157,product_42,5,436.04,2024-03-28
324,158,product_42,7,403.96,2024-09-24
325,159,product_52,6,259.7,2024-08-25
326,159,product_31,5,120.67,2024-04-01
327,159,product_43,8,138.87,2024-05-18
328,161,product_16,8,378.04,2024-10-23
329,161,product_35,2,276.76,2024-01-09
330,161,product_20,7,492.5,2024-04-16
331,161,product_27,9,310.13,2024-07-24
332,163,product_29,4,302.93,2024-02-25
333,163,product_44,6,454.69,2024-04-23
334,163,product_50,7,326.57,2024-06-05
335,163,product_44,6,195.68,2024-09-17
336,164,product_44,4,345.79,2024-04-21
337,164,product_7,7,60.31,2024-04-11
338,164,product_54,5,166.9,2024-06-26
339,164,product_34,2,135.45,2024-02-06
340,165,product_36,2,412.72,2024-11-10
341,165,product_15,4,113.77,2024-04-04
342,165,product_4,4,52.05,2024-04-18
343,167,product_5,5,357.62,2024-07-26
344,167,product_22,3,266.31,2024-12-27
345,167,product_59,8,118.54,2024-01-13
346,167,product_34,3,408.36,2024-10-27
347,169,product_35,2,162.59,2024-08-05
348,170,product_13,4,219.81,2024-05-14
349,170,product_24,5,233.53,2024-05-06
350,170,product_8,9,206.52,2024-11-04
351,170,product_26,5,98.04,2024-12-28
352,171,product_47,9,170.55,2024-06-17
353,171,product_55,4,412.28,2024-10-26
354,171,product_12,8,317.45,2024-11-24
355,171,product_52,5,103.77,2024-01-22
356,172,product_44,5,151.21,2024-06-28
357,172,product_51,6,326.63,2024-04-18
358,172,product_46,2,303.7,2024-10-03
359,173,product_16,7,183.95,2024-05-16
360,173,product_6,8,24.54,2024-12-13
361,174,product_37,3,484.29,2024-05-11
362,174,product_41,6,479.01,2024-06-22
363,174,product_38,9,470.82,2024-01-03
364,176,product_35,5,474.55,2024-08-24
365,176,product_46,4,133.26,2024-03-23
366,176,product_35,9,30.38,2024-02-12
367,176,product_23,8,370.91,2024-03-10
368,177,product_44,1,49.93,2024-09-10
369,177,product_10,1,435.27,2024-09-11
370,178,product_53,6,249.72,2024-09-09
371,178,product_34,5,413.11,2024-07-01
372,178,product_4,6,265.72,2024-09-07
373,178,product_18,1,288.68,2024-05-10
374,179,product_59,5,67.63,2024-07-13
375,180,product_54,2,309.37,2024-05-24
376,181,product_8,8,17.93,2024-11-14
377,181,product_12,3,350.33,2024-11-20
378,181,product_50,2,290.35,2024-04-18
379,181,product_47,9,117.57,2024-05-12
380,182,product_10,7,40.48,2024-03-17
381,182,product_15,5,495.78,2024-01-27
382,182,product_14,3,462.51,2024-09-05
383,183,product_37,3,424.72,2024-10-28
384,183,product_25,7,32.35,2024-11-10
385,186,product_29,4,292.53,2024-12-19
386,186,product_1,8,412.06,2024-12-04
387,187,product_48,1,347.15,2024-04-15
388,188,product_22,1,285.97,2024-12-03
389,188,product_41,2,242.91,2024-10-12
390,188,product_33,5,292.98,2024-04-03
391,189,product_21,8,294.04,2024-12-09
392,189,product_38,5,387.31,2024-09-22
393,189,product_16,5,220.25,2024-03-11
394,189,product_49,5,56.77,2024-12-14
395,190,product_54,9,467.22,2024-06-15
396,190,product_13,6,88.53,2024-08-13
397,190,product_58,3,142.98,2024-03-03
398,190,product_47,5,247.07,2024-02-19
399,191,product_34,2,178.82,2024-12-01
400,192,product_11,1,271.85,2024-10-26
401,192,product_57,7,285.1,2024-10-17
402,192,product_10,6,8.17,2024-06-06
403,192,product_37,3,57.46,2024-12-18
404,193,product_32,1,457.26,2024-09-09
405,194,product_14,3,145.49,2024-04-21
406,194,product_24,9,54.66,2024-06-25
407,195,product_25,5,367.13,2024-07-14
408,195,product_29,9,169.98,2024-02-23
409,195,product_58,7,417.3,2024-02-01
410,195,product_2,5,394.59,2024-08-28
411,196,product_46,1,246.35,2024-10-15
412,196,product_38,2,470.08,2024-01-22
413,196,product_1,9,260.58,2024-12-19
414,199,product_36,7,386.25,2024-09-02
415,199,product_47,2,68.68,2024-09-19
416,201,product_29,9,409.89,2024-03-04
417,201,product_47,9,209.33,2024-04-23
418,201,product_59,8,450.16,2024-01-21
419,202,product_50,3,25.03,2024-05-14
420,202,product_7,6,109.2,2024-08-16
421,202,product_40,5,357.09,2024-05-09
422,204,product_6,9,228.49,2024-04-06
423,206,product_34,1,177.24,2024-08-12
424,206,product_42,9,361.95,2024-01-13
425,206,product_49,1,17.69,2024-05-21
426,206,product_30,7,338.48,2024-08-09
427,207,product_28,4,437.74,2024-02-21
428,207,product_14,8,191.48,2024-04-25
429,210,product_13,6,203.54,2024-11-03
430,210,product_41,3,401.64,2024-09-15
431,210,product_60,7,407.42,2024-08-13
432,210,product_12,6,442.9,2024-05-26
433,211,product_26,3,287.19,2024-06-07
434,211,product_6,5,444.13,2024-06-10
435,211,product_37,5,117.9,2024-06-10
436,211,product_31,2,264.93,2024-06-03
437,212,product_46,3,187.19,2024-04-11
438,213,product_17,9,245.27,2024-09-28
439,213,product_57,6,91.28,2024-11-28
440,213,product_33,3,6.15,2024-01-27
441,213,product_59,6,208.34,2024-04-26
442,214,product_15,8,303.0,2024-08-20
443,215,product_35,2,360.99,2024-04-04
444,215,product_23,2,215.96,2024-05-16
445,215,product_11,3,398.79,2024-08-09
446,215,product_15,6,169.76,2024-03-17
447,216,product_60,3,117.49,2024-02-21
448,218,product_11,3,469.08,2024-07-02
449,218,product_37,9,431.48,2024-07-25
450,218,product_12,8,162.43,2024-08-06
451,219,product_11,1,278.9,2024-08-01
452,219,product_19,1,385.83,2024-08-14
453,220,product_53,3,226.1,2024-02-14
454,220,product_1,7,278.37,2024-10-21
455,221,product_4,2,75.51,2024-02-07
456,221,product_51,5,147.71,2024-07-09
457,221,product_48,8,208.18,2024-12-25
458,222,product_48,4,363.25,2024-01-18
459,222,product_8,2,262.11,2024-07-14
460,222,product_9,6,242.46,2024-10-22
461,222,product_35,1,252.23,2024-01-04
462,223,product_54,1,154.29,2024-08-26
463,223,product_11,5,250.62,2024-03-21
464,223,product_10,7,200.41,2024-05-23
465,224,product_44,2,396.71,2024-03-22
466,225,product_8,6,370.15,2024-02-04
467,225,product_14,1,191.5,2024-09-05
468,225,product_5,5,436.81,2024-05-03
469,226,product_39,9,48.14,2024-08-15
470,227,product_60,6,435.74,2024-07-04
471,227,product_27,6,354.21,2024-10-28
472,227,product_26,5,179.51,2024-07-21
473,229,product_20,6,441.26,2024-09-25
474,230,product_23,1,97.38,2024-02-04
475,231,product_54,6,373.96,2024-08-20
476,232,product_38,1,205.0,2024-06-27
477,232,product_34,7,53.44,2024-03-10
478,232,product_14,5,348.02,2024-10-05
479,232,product_46,8,445.76,2024-03-05
480,233,product_28,8,363.11,2024-09-10
481,234,product_59,3,418.81,2024-10-18
482,235,product_14,4,159.7,2024-02-18
483,236,product_22,6,365.09,2024-07-14
484,236,product_43,1,300.7,2024-11-20
485,236,product_13,2,243.35,2024-02-08
486,236,product_54,3,109.78,2024-05-09
487,237,product_58,9,384.24,2024-02-22
488,237,product_33,2,457.43,2024-01-19
489,237,product_19,6,335.26,2024-05-20
490,239,product_34,1,10.23,2024-02-08
491,239,product_56,5,152.52,2024-07-02
492,240,product_18,6,439.6,2024-08-09
493,241,product_39,7,250.05,2024-06-17
494,242,product_18,7,199.26,2024-05-11
495,242,product_2,7,132.48,2024-11-11
496,243,product_35,1,82.43,2024-02-19
497,244,product_47,3,49.72,2024-08-15
498,244,product_46,9,321.77,2024-10-19
499,244,product_43,7,269.52,2024-10-18
500,246,product_4,7,85.86,2024-09-10
501,247,product_32,5,455.33,2024-01-04
502,247,product_22,7,37.28,2024-01-27
503,247,product_21,8,474.21,2024-03-08
504,247,product_46,8,48.07,2024-05-10
505,248,product_20,5,249.02,2024-05-01
506,248,product_37,1,468.74,2024-02-10
507,248,product_36,5,44.3,2024-07-25
508,248,product_47,6,24.2,2024-05-18
509,249,product_2,1,265.05,2024-12-27
510,249,product_54,7,407.93,2024-07-15
511,249,product_26,6,70.02,2024-10-19
512,250,product_60,4,365.25,2024-04-19
513,250,product_18,3,424.43,2024-05-07
514,250,product_40,9,34.57,2024-08-09
515,251,product_5,9,132.67,2024-07-12
516,251,product_6,3,376.99,2024-08-09
517,251,product_60,3,136.08,2024-07-12
518,252,product_32,7,254.02,2024-12-05
519,252,product_31,7,285.45,2024-10-23
520,252,product_16,6,83.31,2024-11-27
521,254,product_51,1,81.42,2024-06-27
522,254,product_2,9,360.16,2024-12-05
523,255,product_16,8,400.44,2024-03-07
524,255,product_4,3,118.83,2024-02-11
525,255,product_35,2,413.87,2024-06-12
526,255,product_31,8,185.1,2024-10-27
527,256,product_19,9,231.28,2024-06-27
528,256,product_21,4,17.65,2024-12-14
529,256,product_17,7,156.87,2024-05-09
530,256,product_7,6,54.17,2024-04-19
531,257,product_2,9,36.21,2024-05-13
532,257,product_50,8,221.08,2024-01-14
533,258,product_2,1,133.77,2024-09-02
534,259,product_1,4,73.88,2024-05-05
535,259,product_44,5,106.05,2024-08-16
536,259,product_31,7,260.8,2024-11-10
537,261,product_50,2,95.14,2024-09-04
538,261,product_41,8,100.32,2024-05-14
539,261,product_34,3,494.65,2024-06-28
540,261,product_10,6,162.69,2024-01-15
541,262,product_26,2,313.98,2024-09-03
542,263,product_13,4,289.4,2024-06-18
543,264,product_29,5,424.64,2024-09-26
544,264,product_8,5,158.77,2024-06-22
545,264,product_35,4,111.01,2024-08-04
546,264,product_54,9,329.53,2024-07-10
547,265,product_19,4,57.05,2024-01-04
548,265,product_14,4,144.51,2024-03-11
549,265,product_33,3,284.52,2024-04-20
550,267,product_22,1,238.62,2024-05-17
551,267,product_22,2,105.51,2024-04-04
552,268,product_1,6,340.58,2024-12-04
553,268,product_46,2,64.09,2024-04-24
554,268,product_33,4,488.28,2024-09-09
555,268,product_13,7,380.48,2024-11-19
556,269,product_24,5,379.83,2024-01-17
557,269,product_53,1,33.73,2024-11-22
558,272,product_18,6,287.53,2024-05-22
559,273,product_20,9,307.72,2024-09-22
560,273,product_40,1,119.91,2024-04-18
561,273,product_51,9,196.08,2024-02-11
562,273,product_37,1,464.75,2024-04-04
563,274,product_41,1,18.31,2024-01-25
564,274,product_3,2,378.01,2024-05-04
565,274,product_18,6,346.07,2024-10-08
566,274,product_22,9,293.13,2024-02-13
567,275,product_34,4,262.24,2024-04-11
568,275,product_23,9,156.73,2024-01-05
569,276,product_60,6,453.27,2024-10-02
570,276,product_36,4,182.02,2024-04-15
571,277,product_46,4,136.75,2024-02-02
572,278,product_44,9,188.3,2024-12-06
573,278,product_10,9,481.42,2024-12-03
574,279,product_27,3,162.56,2024-05-14
575,280,product_17,5,381.4,2024-11-04
576,281,product_11,2,198.32,2024-03-09
577,281,product_56,2,10.57,2024-09-28
578,282,product_53,1,96.03,2024-12-12
579,282,product_15,4,12.51,2024-04-08
580,282,product_1,4,286.86,2024-07-09
581,282,product_25,3,101.98,2024-12-08
582,283,product_25,3,329.8,2024-12-11
583,284,product_34,8,54.61,2024-05-08
584,284,product_28,1,62.37,2024-10-23
585,284,product_14,9,190.8,2024-11-19
586,284,product_52,3,365.21,2024-01-11
587,285,product_60,9,266.85,2024-07-13
588,286,product_38,5,11.56,2024-12-01
589,286,product_5,6,204.29,2024-04-25
590,287,product_29,2,338.0,2024-05-19
591,287,product_12,5,343.65,2024-08-06
592,288,product_7,9,440.26,2024-08-05
593,288,product_22,3,248.81,2024-08-15
594,289,product_14,2,284.7,2024-07-10
595,290,product_54,7,152.89,2024-07-17
596,291,product_7,4,344.49,2024-06-17
597,291,product_10,6,142.63,2024-08-03
598,292,product_55,4,153.67,2024-01-21
599,292,product_24,8,11.44,2024-10-21
600,292,product_60,5,243.66,2024-01-09
601,292,product_39,1,437.94,2024-04-07
602,293,product_1,4,48.53,2024-02-01
603,293,product_44,8,165.48,2024-04-01
604,293,product_45,8,169.89,2024-10-01
605,294,product_4,9,196.51,2024-03-19
606,294,product_30,8,239.33,2024-07-26
607,294,product_51,3,344.85,2024-02-06
608,295,product_55,5,467.07,2024-03-22
609,295,product_41,7,376.26,2024-12-25
610,295,product_9,8,249.49,2024-02-24
611,296,product_35,3,80.04,2024-11-17
612,297,product_37,6,396.78,2024-02-03
613,297,product_31,2,10.85,2024-10-21
614,298,product_40,5,33.97,2024-03-21
615,298,product_20,2,425.7,2024-05-28
616,299,product_52,1,237.66,2024-09-22
617,299,product_25,5,351.7,2024-05-28
618,299,product_37,8,296.71,2024-11-08
619,299,product_21,6,162.24,2024-05-16
620,301,product_10,7,217.72,2024-11-26
621,301,product_39,3,453.05,2024-07-14
622,304,product_2,2,89.89,2024-02-10
623,306,product_55,7,24.48,2024-01-04
624,306,product_18,8,419.3,2024-08-26
625,306,product_20,5,117.25,2024-06-12
626,306,product_20,8,71.5,2024-08-06
627,307,product_13,7,397.0,2024-03-16
628,307,product_20,1,155.17,2024-12-21
629,307,product_29,9,198.36,2024-04-17
630,308,product_13,8,8.17,2024-02-14
631,308,product_56,9,28.76,2024-03-15
632,308,product_60,5,325.99,2024-02-07
633,308,product_39,2,497.32,2024-01-02
634,309,product_26,2,241.16,2024-12-01
635,309,product_56,4,180.91,2024-01-13
636,309,product_17,2,155.69,2024-10-18
637,309,product_16,7,216.17,2024-10-26
638,310,product_38,5,431.86,2024-09-23
639,310,product_2,6,483.86,2024-08-01
640,311,product_2,9,295.24,2024-09-17
641,311,product_41,2,431.98,2024-01-11
642,311,product_44,5,201.1,2024-06-08
643,312,product_57,7,289.17,2024-06-17
644,312,product_7,6,332.14,2024-07-18
645,313,product_43,9,487.28,2024-02-13
646,313,product_3,4,457.14,2024-05-23
647,313,product_41,5,235.72,2024-10-12
648,313,product_17,4,64.96,2024-10-24
649,314,product_55,3,432.13,2024-08-07
650,314,product_8,1,42.79,2024-04-27
651,314,product_60,2,27.66,2024-09-05
652,314,product_15,9,214.26,2024-05-04
653,315,product_15,8,497.71,2024-03-26
654,315,product_36,7,235.64,2024-08-19
655,315,product_27,7,78.62,2024-01-21
656,315,product_49,6,63.56,2024-10-28
657,316,product_38,9,250.49,2024-03-15
658,316,product_12,6,284.76,2024-09-21
659,316,product_2,4,296.79,2024-06-24
660,316,product_35,1,419.13,2024-11-15
661,317,product_17,9,383.7,2024-11-23
662,317,product_34,2,57.32,2024-08-07
663,319,product_48,8,194.86,2024-08-10
664,320,product_24,2,98.08,2024-02-09
665,320,product_43,3,221.57,2024-12-03
666,320,product_9,2,290.25,2024-01-11
667,320,product_5,2,355.47,2024-06-05
668,321,product_53,8,267.4,2024-09-10
669,321,product_14,4,328.89,2024-11-23
670,321,product_5,2,355.44,2024-10-26
671,325,product_7,5,169.0,2024-08-15
672,326,product_5,2,104.46,2024-09-19
673,326,product_49,3,445.44,2024-12-15
674,326,product_20,7,302.36,2024-12-05
675,326,product_51,7,165.42,2024-07-12
676,327,product_59,8,236.97,2024-04-11
677,327,product_45,4,157.51,2024-02-07
678,327,product_28,7,286.22,2024-10-14
679,328,product_38,6,469.57,2024-08-28
680,328,product_57,7,214.41,2024-02-14
681,328,product_3,5,160.97,2024-11-06
682,328,product_21,3,85.43,2024-03-10
683,329,product_21,2,51.54,2024-11-06
684,329,product_5,8,266.81,2024-12-10
685,330,product_40,4,475.73,2024-03-19
686,330,product_49,9,239.06,2024-09-11
687,330,product_60,9,72.85,2024-01-11
688,330,product_36,4,162.11,2024-05-07
689,331,product_30,4,74.43,2024-10-12
690,331,product_7,7,380.57,2024-10-19
691,331,product_7,9,194.21,2024-03-16
692,331,product_15,6,139.9,2024-04-28
693,332,product_31,2,351.56,2024-10-26
694,332,product_35,7,379.97,2024-06-05
695,333,product_42,1,353.95,2024-12-21
696,333,product_1,1,304.22,2024-05-15
697,334,product_51,6,176.26,2024-07-02
698,334,product_53,7,300.68,2024-08-20
699,334,product_20,5,235.95,2024-04-20
700,334,product_33,8,231.68,2024-04-19
701,339,product_26,9,35.98,2024-05-12
702,339,product_42,1,242.31,2024-11-10
703,339,product_8,4,244.86,2024-01-24
704,340,product_43,3,17.62,2024-06-24
705,340,product_59,1,125.11,2024-05-22
706,341,product_26,7,209.57,2024-01-16
707,341,product_8,1,296.32,2024-11-26
708,342,product_60,7,432.33,2024-07-17
709,342,product_9,6,362.48,2024-04-13
710,343,product_42,7,492.5,2024-10-22
711,343,product_37,4,463.51,2024-12-02
712,345,product_31,9,42.54,2024-09-11
713,345,product_17,1,69.11,2024-06-06
714,346,product_37,3,354.47,2024-01-18
715,346,product_15,9,327.36,2024-09-16
716,346,product_19,5,374.34,2024-06-19
717,347,product_52,3,107.15,2024-03-26
718,348,product_25,5,204.4,2024-06-28
719,348,product_42,9,80.03,2024-06-16
720,348,product_10,9,158.77,2024-12-03
721,348,product_47,2,33.3,2024-12-01
722,349,product_14,1,48.1,2024-08-10
723,349,product_54,5,214.83,2024-02-12
724,350,product_37,5,150.32,2024-02-27
725,350,product_10,5,65.61,2024-09-22
726,350,product_35,3,373.15,2024-01-25
727,351,product_60,1,68.71,2024-07-27
728,351,product_40,4,378.78,2024-12-11
729,351,product_17,6,239.14,2024-10-23
730,352,product_48,5,312.43,2024-03-25
731,352,product_6,4,402.47,2024-09-01
732,352,product_13,5,470.25,2024-07-06
733,353,product_8,4,211.8,2024-12-26
734,353,product_4,1,212.98,2024-08-23
735,353,product_50,8,175.93,2024-10-15
736,354,product_48,4,27.93,2024-03-17
737,354,product_15,8,420.82,2024-04-08
738,354,product_56,6,319.88,2024-05-22
739,354,product_7,5,209.47,2024-02-12
740,356,product_53,9,314.28,2024-12-25
741,357,product_44,5,326.98,2024-02-27
742,357,product_45,1,55.1,2024-07-07
743,357,product_58,1,241.28,2024-02-14
744,358,product_10,7,63.53,2024-01-18
745,359,product_50,9,387.72,2024-11-01
746,359,product_43,4,15.23,2024-10-17
747,359,product_5,3,13.95,2024-03-20
748,360,product_58,7,357.71,2024-12-24
749,360,product_60,9,127.37,2024-10-21
750,360,product_47,7,211.83,2024-12-03
751,360,product_27,5,475.42,2024-01-16
752,361,product_48,3,492.01,2024-09-08
753,362,product_26,3,53.12,2024-08-09
754,362,product_5,5,276.51,2024-08-05
755,362,product_13,8,89.46,2024-07-20
756,363,product_29,6,263.78,2024-08-06
757,364,product_27,7,366.14,2024-09-07
758,364,product_46,5,206.52,2024-07-05
759,364,product_37,3,191.54,2024-06-11
760,365,product_54,7,285.25,2024-06-23
761,366,product_55,8,10.29,2024-07-21
762,366,product_10,3,379.18,2024-03-04
763,366,product_3,7,427.73,2024-01-25
764,366,product_19,5,40.51,2024-12-07
765,367,product_8,5,55.25,2024-09-05
766,367,product_22,4,100.0,2024-01-22
767,367,product_53,3,276.61,2024-04-28
768,367,product_49,3,130.64,2024-08-09
769,372,product_2,5,435.93,2024-04-08
770,372,product_26,1,114.55,2024-03-08
771,372,product_25,3,345.87,2024-11-14
772,372,product_36,1,184.86,2024-06-15
773,373,product_12,1,35.13,2024-06-28
774,373,product_56,1,151.44,2024-04-03
775,375,product_10,8,301.86,2024-06-26
776,377,product_47,6,335.74,2024-09-14
777,377,product_2,6,87.78,2024-04-10
778,378,product_36,1,35.42,2024-12-14
779,380,product_46,1,27.88,2024-11-04
780,380,product_16,6,405.84,2024-03-09
781,380,product_46,5,172.49,2024-11-09
782,380,product_14,1,379.76,2024-05-01
783,381,product_51,2,297.6,2024-02-21
784,381,product_41,9,325.49,2024-11-05
785,381,product_29,6,150.01,2024-07-24
786,381,product_21,7,192.89,2024-05-06
787,382,product_39,5,84.66,2024-02-28
788,382,product_21,1,83.84,2024-08-22
789,382,product_41,9,71.96,2024-01-21
790,382,product_17,7,244.08,2024-08-01
791,383,product_45,9,428.2,2024-06-08
792,383,product_15,8,200.95,2024-02-17
793,383,product_48,7,292.76,2024-10-12
794,384,product_43,7,350.32,2024-06-05
795,384,product_46,2,110.36,2024-06-19
796,385,product_34,5,26.72,2024-08-07
797,385,product_40,5,320.32,2024-08-07
798,385,product_35,5,84.04,2024-02-04
799,385,product_19,7,285.84,2024-06-26
800,386,product_23,2,73.93,2024-12-10
801,386,product_53,5,18.14,2024-01-13
802,386,product_27,3,451.6,2024-01-19
803,386,product_40,8,155.36,2024-08-18
804,390,product_28,6,103.21,2024-05-03
805,390,product_31,3,242.56,2024-03-08
806,391,product_48,7,135.54,2024-08-23
807,392,product_9,6,218.46,2024-09-19
808,392,product_4,2,91.03,2024-04-12
809,392,product_52,9,64.31,2024-08-16
810,392,product_22,7,382.96,2024-08-11
811,394,product_31,7,147.28,2024-12-11
812,394,product_35,8,332.98,2024-09-08
813,394,product_28,5,263.51,2024-01-05
814,396,product_13,7,325.59,2024-02-01
815,397,product_9,7,351.65,2024-08-01
816,397,product_6,4,151.5,2024-08-20
817,397,product_55,4,385.27,2024-07-19
818,397,product_48,1,372.34,2024-02-05
819,398,product_42,4,130.1,2024-07-17
820,398,product_19,7,134.73,2024-10-20
821,398,product_43,3,359.56,2024-04-08
822,398,product_49,3,238.7,2024-02-28
823,399,product_49,9,7.27,2024-04-27
824,399,product_53,5,244.22,2024-12-11
825,399,product_1,4,378.79,2024-07-01
826,399,product_34,4,265.31,2024-05-21
827,401,product_48,3,226.96,2024-11-05
828,401,product_3,8,136.3,2024-08-01
829,402,product_1,5,385.36,2024-01-06
830,402,product_5,3,85.71,2024-04-13
831,402,product_45,6,331.21,2024-10-05
832,403,product_1,6,247.78,2024-02-18
833,404,product_49,3,161.06,2024-04-14
834,404,product_58,2,421.96,2024-08-16
835,404,product_37,2,10.0,2024-08-28
836,405,product_25,7,41.98,2024-12-13
837,405,product_17,6,202.77,2024-03-17
838,407,product_30,6,341.34,2024-09-04
839,408,product_50,2,371.03,2024-10-09
840,408,product_20,3,111.75,2024-07-08
841,408,product_47,2,386.68,2024-12-20
842,409,product_2,7,128.75,2024-08-05
843,410,product_58,2,205.91,2024-08-09
844,410,product_19,1,67.05,2024-09-13
845,411,product_7,7,422.2,2024-02-11
846,411,product_5,2,260.01,2024-05-14
847,411,product_47,3,52.99,2024-05-06
848,411,product_49,3,492.2,2024-10-03
849,412,product_20,1,49.61,2024-05-24
850,414,product_49,8,365.6,2024-01-11
851,415,product_56,1,104.39,2024-07-24
852,415,product_24,4,259.04,2024-02-12
853,415,product_45,2,181.3,2024-01-01
854,415,product_31,4,144.03,2024-10-06
855,417,product_19,3,459.19,2024-04-19
856,417,product_44,9,39.6,2024-02-09
857,417,product_3,6,314.36,2024-12-08
858,417,product_51,6,114.25,2024-06-06
859,418,product_56,6,253.5,2024-09-26
860,418,product_47,7,375.09,2024-03-05
861,418,product_34,9,37.12,2024-08-20
862,418,product_10,2,414.22,2024-02-21
863,419,product_22,5,218.1,2024-08-27
864,419,product_56,3,32.59,2024-04-26
865,419,product_46,4,215.23,2024-08-17
866,419,product_52,4,332.63,2024-05-17
867,421,product_47,6,216.57,2024-09-12
868,421,product_46,2,33.28,2024-11-10
869,421,product_12,5,142.1,2024-01-08
870,421,product_44,4,380.76,2024-05-05
871,422,product_17,5,176.5,2024-12-15
872,422,product_52,9,363.75,2024-11-28
873,424,product_25,7,43.86,2024-02-14
874,424,product_8,9,485.15,2024-07-16
875,424,product_44,8,67.15,2024-10-04
876,425,product_6,3,359.27,2024-07-01
877,426,product_21,2,349.56,2024-04-26
878,426,product_53,5,190.47,2024-01-05
879,426,product_39,7,126.93,2024-09-22
880,426,product_15,9,79.88,2024-08-24
881,427,product_27,4,431.37,2024-04-20
882,427,product_16,8,135.09,2024-04-26
883,427,product_9,9,187.93,2024-06-16
884,427,product_18,9,267.08,2024-08-15
885,428,product_33,2,259.85,2024-09-01
886,428,product_49,6,437.81,2024-09-14
887,428,product_30,7,493.66,2024-05-19
888,428,product_13,8,153.89,2024-06-16
889,430,product_25,2,161.3,2024-08-19
890,430,product_44,8,328.54,2024-08-23
891,430,product_40,9,89.4,2024-09-25
892,431,product_52,6,139.83,2024-11-15
893,431,product_50,9,225.67,2024-09-15
894,431,product_52,7,337.32,2024-10-19
895,431,product_56,9,186.54,2024-07-19
896,432,product_39,3,386.59,2024-04-20
897,432,product_21,5,465.5,2024-04-09
898,432,product_59,8,458.97,2024-05-06
899,432,product_6,8,74.22,2024-06-04
900,435,product_52,6,324.92,2024-07-09
901,435,product_16,1,478.76,2024-09-14
902,435,product_29,7,469.2,2024-09-02
903,435,product_59,2,360.49,2024-12-09
904,437,product_55,9,264.21,2024-01-08
905,437,product_1,9,451.45,2024-11-04
906,437,product_27,9,227.54,2024-06-05
907,437,product_44,1,434.25,2024-03-05
908,438,product_13,5,204.21,2024-06-23
909,438,product_56,8,269.89,2024-12-17
910,439,product_36,2,384.74,2024-09-17
911,439,product_51,8,115.04,2024-11-27
912,439,product_17,4,307.82,2024-02-11
913,440,product_7,7,127.38,2024-11-01
914,440,product_3,9,273.91,2024-11-19
915,440,product_43,4,304.01,2024-03-01
916,440,product_2,3,205.15,2024-06-17
917,441,product_30,3,367.79,2024-11-08
918,441,product_3,9,185.32,2024-06-21
919,442,product_19,3,388.75,2024-05-23
920,442,product_29,8,89.79,2024-12-22
921,443,product_16,1,124.88,2024-05-20
922,443,product_50,3,138.81,2024-02-18
923,443,product_60,9,450.74,2024-05-23
924,444,product_34,2,436.21,2024-07-24
925,444,product_46,4,344.89,2024-11-22
926,445,product_23,1,23.35,2024-06-18
927,447,product_48,5,479.82,2024-05-20
928,447,product_5,2,65.44,2024-04-08
929,449,product_35,9,80.77,2024-05-22
930,449,product_28,8,462.02,2024-11-08
931,450,product_55,9,17.55,2024-01-13
932,450,product_5,8,157.01,2024-09-04
933,450,product_47,4,365.42,2024-03-11
934,451,product_6,7,74.65,2024-01-11
935,452,product_45,6,493.55,2024-10-21
936,452,product_29,7,161.19,2024-06-18
937,453,product_47,4,38.67,2024-07-26
938,453,product_21,4,448.54,2024-03-03
939,453,product_55,4,256.52,2024-10-20
940,454,product_60,1,53.37,2024-06-09
941,454,product_34,8,493.59,2024-07-08
942,454,product_20,7,174.66,2024-10-04
943,455,product_7,8,295.2,2024-03-25
944,455,product_7,8,204.85,2024-06-19
945,455,product_14,4,493.3,2024-06-01
946,456,product_8,8,276.32,2024-05-21
947,456,product_7,8,467.56,2024-03-18
948,456,product_52,1,481.03,2024-05-11
949,457,product_12,3,70.02,2024-05-01
950,457,product_59,1,266.74,2024-01-27
951,457,product_21,7,198.05,2024-05-02
952,458,product_52,2,365.43,2024-05-01
953,458,product_22,4,67.9,2024-04-23
954,459,product_32,1,271.07,2024-02-17
955,459,product_29,2,457.43,2024-11-07
956,460,product_28,6,365.83,2024-09-20
957,460,product_13,1,400.41,2024-10-05
958,460,product_57,8,68.69,2024-11-20
959,460,product_9,7,81.53,2024-12-22
960,461,product_37,8,209.59,2024-11-15
961,461,product_12,4,380.65,2024-03-26
962,461,product_16,5,82.64,2024-11-03
963,461,product_45,5,299.28,2024-02-20
964,462,product_3,3,396.31,2024-08-24
965,462,product_41,4,377.94,2024-10-10
966,462,product_52,3,114.24,2024-06-19
967,464,product_36,7,116.37,2024-11-14
968,464,product_19,5,282.66,2024-04-28
969,464,product_54,9,374.39,2024-10-03
970,465,product_22,7,32.93,2024-07-02
971,466,product_41,2,428.53,2024-10-11
972,466,product_17,7,49.47,2024-02-07
973,466,product_54,3,421.11,2024-03-20
974,467,product_37,6,462.72,2024-08-21
975,469,product_46,2,325.69,2024-09-10
976,469,product_28,2,180.56,2024-02-18
977,469,product_36,9,171.05,2024-05-21
978,470,product_35,4,381.96,2024-11-01
979,470,product_45,1,350.84,2024-06-01
980,470,product_7,4,147.13,2024-04-20
981,470,product_5,1,252.27,2024-10-09
982,471,product_14,3,58.65,2024-09-06
983,471,product_40,1,270.72,2024-11-21
984,471,product_16,7,473.38,2024-11-10
985,472,product_40,8,39.09,2024-06-23
986,472,product_38,1,111.3,2024-02-04
987,472,product_44,5,90.96,2024-10-09
988,473,product_8,7,448.12,2024-06-21
989,473,product_55,6,278.34,2024-07-05
990,473,product_26,8,36.44,2024-02-28
991,474,product_39,7,30.91,2024-11-27
992,474,product_5,7,57.53,2024-09-07
993,474,product_26,8,474.78,2024-02-27
994,475,product_6,4,444.19,2024-06-08
995,475,product_50,1,117.77,2024-12-09
996,477,product_5,5,477.2,2024-12-17
997,479,product_50,3,148.96,2024-05-10
998,479,product_32,2,105.15,2024-04-13
999,479,product_11,6,302.52,2024-09-12
1000,479,product_33,1,300.53,2024-02-21
1001,480,product_49,1,390.47,2024-07-07
1002,480,product_22,9,191.46,2024-01-14
1003,482,product_18,5,75.51,2024-08-07
1004,483,product_34,1,394.72,2024-06-05
1005,484,product_21,2,346.18,2024-07-26
1006,484,product_55,4,221.53,2024-10-01
1007,485,product_26,3,157.94,2024-10-17
1008,487,product_31,7,494.84,2024-12-24
1009,487,product_24,3,117.58,2024-02-19
1010,487,product_31,9,94.42,2024-02-01
1011,488,product_42,1,375.41,2024-11-01
1012,489,product_28,2,325.99,2024-07-12
1013,489,product_44,6,327.3,2024-11-04
1014,489,product_38,9,110.33,2024-12-24
1015,491,product_37,9,416.49,2024-03-28
1016,491,product_32,2,161.65,2024-01-09
1017,492,product_37,8,183.4,2024-12-27
1018,492,product_37,8,77.1,2024-08-11
1019,492,product_12,7,60.1,2024-10-26
1020,493,product_47,2,275.81,2024-05-04
1021,494,product_1,6,269.48,2024-07-05
1022,496,product_30,7,379.77,2024-06-15
1023,496,product_35,1,380.99,2024-03-10
1024,496,product_21,7,80.34,2024-06-06
1025,497,product_39,3,488.39,2024-02-02
1026,497,product_37,7,243.21,2024-11-28
1027,497,product_22,6,349.9,2024-10-21
1028,498,product_21,2,468.79,2024-08-19
1029,499,product_1,4,470.66,2024-11-25
1030,499,product_21,6,140.97,2024-11-08
1031,499,product_53,9,29.8,2024-08-12
1032,499,product_28,7,166.64,2024-12-18
1033,500,product_23,5,183.47,2024-03-28
1034,500,product_34,1,283.53,2024-02-17
1035,500,product_51,9,368.1,2024-03-26
1036,501,product_54,4,484.09,2024-08-27
1037,502,product_22,5,339.57,2024-08-04
1038,502,product_19,6,452.93,2024-03-12
1039,502,product_23,8,63.66,2024-12-12
1040,503,product_40,1,364.38,2024-05-18
1041,504,product_36,1,344.94,2024-07-12
1042,505,product_39,2,214.26,2024-01-04
1043,505,product_12,3,83.47,2024-02-25
1044,505,product_57,1,272.44,2024-11-03
1045,505,product_28,1,285.27,2024-08-15
1046,507,product_51,2,71.33,2024-05-05
1047,507,product_19,3,64.72,2024-11-17
1048,508,product_55,1,112.25,2024-02-05
1049,508,product_2,1,269.43,2024-11-13
1050,509,product_27,2,410.5,2024-06-21
1051,509,product_28,1,314.83,2024-02-11
1052,509,product_46,5,306.48,2024-02-21
1053,510,product_43,3,315.35,2024-07-10
1054,510,product_52,4,244.05,2024-05-18
1055,510,product_37,4,178.08,2024-02-21
1056,511,product_33,6,196.25,2024-07-25
1057,511,product_13,2,223.49,2024-06-24
1058,511,product_16,4,310.41,2024-05-16
1059,511,product_28,2,182.18,2024-03-25
1060,513,product_1,9,405.42,2024-11-02
1061,513,product_38,1,272.92,2024-02-04
1062,515,product_56,7,214.0,2024-12-04
1063,515,product_44,1,100.83,2024-10-03
1064,515,product_43,8,498.51,2024-03-23
1065,517,product_52,1,12.84,2024-08-19
1066,517,product_41,8,337.96,2024-03-05
1067,517,product_10,1,41.13,2024-01-26
1068,518,product_15,5,88.07,2024-10-14
1069,518,product_29,6,435.75,2024-07-26
1070,518,product_59,6,232.31,2024-11-27
1071,520,product_30,2,295.15,2024-09-12
1072,520,product_26,2,483.88,2024-09-16
1073,520,product_25,6,369.88,2024-01-03
1074,520,product_21,4,167.37,2024-11-10
1075,521,product_59,4,393.5,2024-06-26
1076,521,product_17,7,296.22,2024-06-27
1077,522,product_18,4,415.55,2024-02-04
1078,522,product_2,8,341.57,2024-06-25
1079,522,product_5,1,306.75,2024-02-01
1080,523,product_4,3,113.29,2024-11-23
1081,523,product_46,9,337.1,2024-11-21
1082,525,product_48,3,144.97,2024-03-24
1083,525,product_3,8,142.44,2024-01-12
1084,525,product_34,2,51.68,2024-10-06
1085,525,product_15,3,256.12,2024-11-01
1086,526,product_23,8,144.23,2024-08-10
1087,526,product_55,2,266.46,2024-11-14
1088,526,product_25,4,417.04,2024-08-23
1089,526,product_44,7,454.51,2024-01-11
1090,527,product_28,7,250.94,2024-07-18
1091,527,product_25,4,40.95,2024-08-18
1092,527,product_15,9,91.55,2024-12-03
1093,527,product_41,6,349.82,2024-07-05
1094,528,product_36,2,261.87,2024-08-06
1095,529,product_20,3,385.0,2024-11-17
1096,529,product_60,3,344.51,2024-10-20
1097,529,product_47,8,130.07,2024-11-12
1098,529,product_42,6,471.44,2024-08-04
1099,531,product_27,6,286.96,2024-03-24
1100,531,product_15,6,227.12,2024-06-20
1101,532,product_10,9,389.17,2024-02-15
1102,533,product_37,1,303.62,2024-05-21
1103,533,product_12,7,61.84,2024-06-16
1104,533,product_58,5,266.94,2024-12-14
1105,534,product_2,5,94.43,2024-11-24
1106,534,product_37,5,242.19,2024-12-27
1107,534,product_43,8,314.21,2024-07-27
1108,536,product_53,2,438.19,2024-03-11
1109,536,product_50,3,448.32,2024-11-03
1110,536,product_26,9,326.19,2024-02-05
1111,536,product_22,8,393.76,2024-08-13
1112,537,product_42,6,363.33,2024-07-23
1113,537,product_11,6,90.05,2024-08-26
1114,537,product_25,4,242.92,2024-12-12
1115,537,product_45,2,448.3,2024-09-27
1116,538,product_35,3,322.28,2024-11-18
1117,538,product_8,3,168.47,2024-05-19
1118,538,product_22,9,434.29,2024-07-03
1119,538,product_31,2,290.51,2024-11-23
1120,541,product_7,6,301.16,2024-10-03
1121,542,product_3,4,232.1,2024-11-17
1122,542,product_55,5,364.49,2024-04-17
1123,542,product_15,4,114.53,2024-03-08
1124,544,product_41,9,87.88,2024-10-27
1125,544,product_46,3,232.88,2024-01-21
1126,546,product_22,7,420.77,2024-12-02
1127,546,product_53,5,122.55,2024-12-06
1128,548,product_57,4,141.23,2024-07-20
1129,549,product_3,8,412.77,2024-02-09
1130,550,product_37,7,201.89,2024-12-12
1131,550,product_31,7,387.06,2024-04-08
1132,551,product_29,5,233.55,2024-08-19
1133,551,product_42,9,358.3,2024-07-24
1134,551,product_18,1,87.14,2024-03-15
1135,552,product_40,3,75.44,2024-01-21
1136,552,product_36,6,211.67,2024-03-21
1137,552,product_2,1,377.12,2024-04-03
1138,553,product_4,1,494.67,2024-11-28
1139,554,product_30,7,93.55,2024-11-04
1140,554,product_11,1,290.08,2024-01-12
1141,555,product_18,9,322.21,2024-03-08
1142,555,product_4,3,119.75,2024-12-18
1143,555,product_1,9,447.89,2024-05-11
1144,555,product_19,3,392.88,2024-04-13
1145,556,product_5,2,23.61,2024-04-19
1146,556,product_41,7,295.99,2024-07-06
1147,557,product_32,5,67.36,2024-07-02
1148,557,product_36,1,441.7,2024-11-11
1149,557,product_29,6,368.45,2024-07-15
1150,557,product_49,8,331.43,2024-10-23
1151,558,product_46,5,197.09,2024-11-18
1152,559,product_29,6,49.02,2024-10-07
1153,559,product_23,9,454.21,2024-04-22
1154,559,product_7,5,461.62,2024-11-06
1155,560,product_20,6,337.22,2024-06-25
1156,562,product_12,9,150.61,2024-05-06
1157,562,product_1,4,406.94,2024-01-25
1158,562,product_6,5,328.1,2024-08-27
1159,562,product_39,9,470.52,2024-07-01
1160,563,product_11,4,462.59,2024-06-01
1161,563,product_11,9,498.19,2024-10-10
1162,563,product_29,4,190.14,2024-04-20
1163,563,product_35,6,108.04,2024-02-09
1164,564,product_23,8,95.6,2024-10-22
1165,564,product_44,8,412.22,2024-07-05
1166,564,product_13,2,478.05,2024-09-12
1167,564,product_43,1,460.45,2024-08-13
1168,565,product_51,3,438.53,2024-02-10
1169,565,product_54,5,335.78,2024-06-21
1170,566,product_37,9,149.53,2024-10-16
1171,566,product_30,2,335.91,2024-05-15
1172,566,product_39,6,60.45,2024-10-22
1173,566,product_28,9,246.51,2024-09-11
1174,568,product_17,3,474.5,2024-05-13
1175,568,product_44,4,459.69,2024-06-14
1176,570,product_45,7,451.96,2024-01-25
1177,570,product_39,5,61.56,2024-11-09
1178,570,product_16,7,368.59,2024-09-26
1179,572,product_56,2,394.18,2024-02-21
1180,572,product_46,5,84.28,2024-05-05
1181,572,product_18,6,298.88,2024-10-16
1182,572,product_7,6,173.91,2024-12-01
1183,573,product_26,1,261.6,2024-04-12
1184,573,product_31,9,260.52,2024-10-04
1185,573,product_36,3,436.59,2024-03-22
1186,573,product_5,6,257.02,2024-11-10
1187,574,product_8,7,328.95,2024-08-11
1188,574,product_29,7,174.7,2024-10-23
1189,575,product_20,4,472.65,2024-08-06
1190,575,product_55,2,141.06,2024-05-03
1191,575,product_14,3,389.84,2024-04-27
1192,576,product_47,6,250.18,2024-01-18
1193,576,product_47,6,262.2,2024-06-13
1194,576,product_28,5,48.4,2024-01-28
1195,577,product_18,2,149.99,2024-10-22
1196,577,product_30,2,336.63,2024-01-12
1197,578,product_52,3,250.08,2024-11-03
1198,578,product_27,8,63.31,2024-10-12
1199,578,product_27,1,85.29,2024-08-22
1200,578,product_27,4,56.37,2024-10-04
1201,579,product_10,8,74.31,2024-11-24
1202,581,product_47,5,474.47,2024-02-27
1203,581,product_15,8,499.93,2024-12-05
1204,581,product_52,9,147.42,2024-12-20
1205,582,product_2,8,190.72,2024-11-28
1206,583,product_25,2,304.49,2024-10-09
1207,583,product_48,1,466.73,2024-06-23
1208,584,product_48,3,184.53,2024-12-13
1209,585,product_52,9,217.03,2024-03-27
1210,585,product_58,7,129.99,2024-09-04
1211,585,product_34,2,111.9,2024-03-24
1212,585,product_25,5,30.73,2024-06-21
1213,586,product_38,5,54.86,2024-07-23
1214,586,product_37,5,487.1,2024-09-18
1215,586,product_22,1,485.59,2024-12-16
1216,587,product_53,3,177.74,2024-01-04
1217,587,product_48,8,201.8,2024-08-11
1218,587,product_1,9,90.97,2024-05-24
1219,588,product_18,6,129.23,2024-07-19
1220,588,product_12,5,148.04,2024-05-28
1221,588,product_49,2,143.37,2024-08-21
1222,589,product_19,3,14.65,2024-10-06
1223,589,product_49,2,234.3,2024-07-12
1224,589,product_40,7,449.77,2024-01-22
1225,591,product_29,5,87.89,2024-05-10
1226,591,product_33,7,257.58,2024-10-14
1227,591,product_19,4,142.52,2024-02-17
1228,593,product_2,2,466.87,2024-05-24
1229,593,product_11,4,268.32,2024-10-12
1230,594,product_53,3,426.73,2024-05-26
1231,594,product_35,2,110.52,2024-08-07
1232,594,product_19,6,84.42,2024-08-27
1233,595,product_47,4,371.29,2024-02-16
1234,595,product_45,7,449.69,2024-01-21
1235,595,product_19,8,39.77,2024-12-17
1236,595,product_32,8,159.94,2024-04-23
1237,596,product_44,2,133.0,2024-06-21
1238,596,product_20,5,188.43,2024-07-24
1239,596,product_29,1,145.04,2024-04-23
1240,597,product_15,4,158.43,2024-11-07
1241,598,product_6,9,244.71,2024-06-14
1242,598,product_1,9,297.74,2024-01-20
1243,598,product_48,4,148.24,2024-07-13
1244,598,product_39,8,34.49,2024-09-24
1245,599,product_3,6,376.31,2024-09-23
1246,599,product_38,4,22.0,2024-06-21
1247,599,product_56,8,425.4,2024-01-22
1248,600,product_37,4,488.49,2024-01-19
1249,601,product_13,2,308.86,2024-02-14
1250,601,product_46,4,179.93,2024-04-14
1251,601,product_36,1,279.87,2024-09-13
1252,601,product_46,4,257.1,2024-05-19
1253,604,product_26,3,462.21,2024-12-14
1254,604,product_51,9,402.98,2024-01-28
1255,604,product_58,6,84.37,2024-08-19
1256,604,product_45,7,38.27,2024-06-28
1257,605,product_50,8,44.25,2024-12-20
1258,605,product_53,3,377.46,2024-03-03
1259,605,product_41,1,489.88,2024-11-12
1260,606,product_58,5,440.69,2024-02-02
1261,606,product_25,7,344.81,2024-05-04
1262,606,product_31,1,321.8,2024-10-02
1263,608,product_49,1,229.82,2024-04-26
1264,608,product_29,2,112.49,2024-09-13
1265,609,product_47,1,147.35,2024-10-05
1266,609,product_39,4,223.55,2024-02-11
1267,609,product_47,9,331.15,2024-04-13
1268,610,product_48,7,348.29,2024-03-15
1269,610,product_29,6,330.95,2024-02-06
1270,611,product_46,4,240.57,2024-09-18
1271,611,product_31,6,477.52,2024-03-04
1272,611,product_37,8,388.1,2024-11-04
1273,613,product_59,2,446.98,2024-08-03
1274,613,product_7,6,431.58,2024-07-01
1275,614,product_23,1,230.96,2024-04-21
1276,614,product_37,6,446.2,2024-01-07
1277,616,product_39,4,63.75,2024-09-24
1278,616,product_36,2,23.94,2024-08-20
1279,616,product_18,9,497.08,2024-01-22
1280,616,product_26,1,311.53,2024-12-26
1281,617,product_53,4,389.75,2024-09-14
1282,618,product_43,8,128.98,2024-05-23
1283,618,product_10,4,309.91,2024-04-19
1284,618,product_40,3,17.89,2024-04-03
1285,618,product_32,5,409.08,2024-05-25
1286,619,product_5,6,88.2,2024-10-10
1287,619,product_5,9,260.08,2024-04-03
1288,619,product_28,9,11.4,2024-01-16
1289,620,product_23,1,448.05,2024-04-04
1290,621,product_11,7,355.03,2024-03-28
1291,621,product_6,9,310.92,2024-01-19
1292,621,product_27,2,466.21,2024-04-25
1293,621,product_36,7,375.17,2024-02-25
1294,623,product_31,9,80.05,2024-12-28
1295,624,product_15,4,136.01,2024-04-16
1296,624,product_51,4,123.97,2024-11-18
1297,624,product_59,8,326.46,2024-01-01
1298,624,product_48,7,245.47,2024-02-13
1299,625,product_12,8,241.46,2024-02-08
1300,625,product_36,5,183.23,2024-03-02
1301,625,product_17,7,17.81,2024-02-27
1302,626,product_4,3,157.33,2024-08-20
1303,626,product_55,4,474.45,2024-08-09
1304,626,product_43,6,494.29,2024-09-19
1305,626,product_42,3,389.39,2024-01-12
1306,627,product_25,9,314.85,2024-12-05
1307,628,product_51,9,52.52,2024-09-10
1308,628,product_30,5,278.39,2024-02-02
1309,629,product_29,9,261.39,2024-02-07
1310,629,product_14,3,356.27,2024-04-15
1311,629,product_41,3,209.25,2024-09-24
1312,629,product_51,2,345.96,2024-05-21
1313,630,product_2,7,474.06,2024-02-19
1314,630,product_11,2,490.19,2024-01-08
1315,631,product_21,6,466.88,2024-09-28
1316,631,product_35,5,368.21,2024-02-15
1317,632,product_51,1,220.49,2024-07-24
1318,632,product_38,7,87.34,2024-09-03
1319,632,product_12,4,211.87,2024-08-19
1320,634,product_19,6,48.17,2024-10-07
1321,635,product_11,9,184.17,2024-06-13
1322,636,product_57,1,321.87,2024-03-25
1323,636,product_8,1,180.21,2024-12-20
1324,637,product_19,5,340.61,2024-02-08
1325,637,product_59,5,401.79,2024-04-11
1326,637,product_49,3,391.84,2024-02-10
1327,637,product_10,2,329.06,2024-08-01
1328,638,product_29,3,146.94,2024-08-11
1329,639,product_45,7,305.85,2024-02-18
1330,639,product_19,5,323.91,2024-10-02
1331,639,product_2,7,256.46,2024-01-07
1332,641,product_56,8,325.06,2024-11-07
1333,641,product_5,4,325.3,2024-07-13
1334,641,product_32,5,158.26,2024-07-19
1335,641,product_4,6,300.05,2024-05-11
1336,642,product_3,1,499.26,2024-11-23
1337,642,product_24,6,209.56,2024-07-14
1338,642,product_4,4,474.79,2024-07-13
1339,642,product_20,7,320.43,2024-08-17
1340,643,product_39,1,170.23,2024-07-16
1341,643,product_28,8,440.07,2024-01-12
1342,643,product_31,9,178.38,2024-07-03
1343,644,product_15,2,428.98,2024-06-18
1344,644,product_29,6,302.18,2024-03-20
1345,644,product_53,3,23.3,2024-06-05
1346,644,product_37,1,305.85,2024-12-14
1347,645,product_6,4,363.36,2024-07-01
1348,645,product_27,1,149.63,2024-11-21
1349,648,product_27,5,118.53,2024-06-28
1350,648,product_57,8,139.45,2024-08-20
1351,649,product_19,1,150.59,2024-10-20
1352,649,product_10,5,204.81,2024-11-02
1353,649,product_29,5,204.84,2024-03-20
1354,650,product_2,1,431.43,2024-11-22
1355,650,product_43,7,375.01,2024-03-12
1356,650,product_29,1,186.17,2024-03-19
1357,652,product_6,3,127.79,2024-02-18
1358,652,product_50,8,405.63,2024-01-26
1359,652,product_10,1,278.02,2024-10-18
1360,653,product_59,5,168.59,2024-10-18
1361,654,product_48,3,440.19,2024-02-28
1362,654,product_36,3,25.11,2024-02-08
1363,655,product_16,3,90.89,2024-01-28
1364,656,product_39,8,6.51,2024-09-09
1365,657,product_52,1,401.71,2024-11-11
1366,657,product_1,7,382.7,2024-10-20
1367,658,product_58,6,76.12,2024-12-16
1368,658,product_29,6,424.16,2024-07-27
1369,659,product_32,2,492.56,2024-01-11
1370,659,product_43,8,147.58,2024-07-25
1371,659,product_16,5,176.07,2024-10-17
1372,659,product_45,5,192.8,2024-03-15
1373,660,product_38,1,138.14,2024-09-27
1374,660,product_25,1,483.52,2024-12-06
1375,660,product_2,9,45.45,2024-06-23
1376,661,product_52,7,452.82,2024-10-26
1377,661,product_3,4,438.22,2024-10-01
1378,661,product_56,4,95.01,2024-04-03
1379,662,product_31,5,385.81,2024-09-09
1380,662,product_48,7,242.17,2024-09-06
1381,662,product_32,1,168.94,2024-07-12
1382,662,product_42,9,31.52,2024-05-03
1383,663,product_60,7,58.23,2024-10-08
1384,663,product_28,4,165.69,2024-10-21
1385,663,product_37,3,345.26,2024-05-23
1386,663,product_59,7,413.01,2024-08-28
1387,664,product_51,5,124.58,2024-07-18
1388,664,product_28,7,53.57,2024-02-12
1389,664,product_1,4,187.11,2024-04-07
1390,664,product_22,6,360.71,2024-12-28
1391,665,product_25,7,458.77,2024-12-06
1392,666,product_43,7,156.25,2024-04-02
1393,666,product_13,6,355.89,2024-04-28
1394,666,product_24,6,180.56,2024-06-02
1395,666,product_55,5,173.75,2024-02-22
1396,667,product_30,6,159.61,2024-05-27
1397,667,product_38,9,459.0,2024-06-25
1398,668,product_49,4,436.78,2024-06-22
1399,668,product_17,6,332.88,2024-12-01
1400,668,product_9,3,130.99,2024-04-21
1401,668,product_27,1,269.39,2024-12-06
1402,669,product_1,2,325.18,2024-10-17
1403,669,product_4,4,271.28,2024-01-13
1404,669,product_60,6,456.16,2024-05-04
1405,670,product_38,6,364.08,2024-05-23
1406,670,product_45,5,432.89,2024-10-23
1407,670,product_42,8,351.77,2024-03-14
1408,670,product_11,4,151.35,2024-12-16
1409,671,product_26,8,131.9,2024-11-23
1410,675,product_30,2,215.18,2024-03-23
1411,675,product_3,5,453.03,2024-02-10
1412,676,product_17,9,477.25,2024-10-04
1413,676,product_51,8,399.08,2024-05-08
1414,676,product_1,4,31.22,2024-02-10
1415,677,product_16,2,150.43,2024-09-07
1416,677,product_18,7,314.69,2024-03-18
1417,677,product_19,1,4.97,2024-06-28
1418,677,product_54,7,342.59,2024-09-23
1419,679,product_24,9,278.58,2024-01-07
1420,679,product_6,1,332.22,2024-09-28
1421,679,product_29,1,356.54,2024-04-25
1422,680,product_24,2,346.36,2024-12-04
1423,680,product_60,8,233.42,2024-04-09
1424,682,product_1,2,212.98,2024-08-16
1425,682,product_38,8,464.0,2024-06-06
1426,682,product_29,2,118.96,2024-08-09
1427,683,product_58,4,266.39,2024-04-08
1428,683,product_23,9,105.87,2024-08-20
1429,683,product_16,1,5.68,2024-05-03
1430,684,product_52,8,281.28,2024-07-03
1431,686,product_41,1,296.71,2024-10-11
1432,687,product_53,1,348.49,2024-04-11
1433,687,product_1,8,147.4,2024-12-19
1434,688,product_18,6,274.1,2024-10-06
1435,688,product_24,2,295.62,2024-03-21
1436,688,product_19,2,475.84,2024-11-03
1437,689,product_58,6,185.93,2024-08-09
1438,689,product_38,5,370.01,2024-06-17
1439,690,product_27,1,385.81,2024-04-18
1440,690,product_49,7,58.69,2024-10-25
1441,690,product_7,7,22.4,2024-07-15
1442,690,product_34,1,40.73,2024-04-02
1443,691,product_8,4,175.24,2024-03-10
1444,691,product_26,8,482.04,2024-11-24
1445,691,product_46,4,139.41,2024-08-06
1446,691,product_26,7,262.41,2024-12-04
1447,695,product_34,9,160.75,2024-04-19
1448,696,product_51,7,461.05,2024-03-07
1449,696,product_59,5,168.71,2024-01-13
1450,697,product_3,1,83.38,2024-12-23
1451,697,product_53,4,262.45,2024-10-27
1452,697,product_44,2,478.03,2024-06-06
1453,697,product_45,4,79.61,2024-02-20
1454,698,product_27,2,116.6,2024-01-08
1455,698,product_41,5,470.9,2024-04-17
1456,699,product_55,3,167.56,2024-09-03
1457,700,product_55,9,37.92,2024-08-19
1458,700,product_56,4,345.11,2024-05-11
1459,702,product_29,6,342.8,2024-08-26
1460,702,product_54,2,13.09,2024-08-15
1461,702,product_3,4,94.32,2024-01-04
1462,702,product_26,9,138.6,2024-01-23
1463,704,product_26,3,149.48,2024-04-16
1464,704,product_52,2,50.65,2024-11-03
1465,704,product_45,1,399.93,2024-09-20
1466,705,product_27,9,291.9,2024-06-04
1467,705,product_45,9,180.25,2024-02-14
1468,707,product_28,1,424.17,2024-07-16
1469,709,product_22,2,436.02,2024-03-23
1470,711,product_58,1,18.12,2024-02-18
1471,711,product_56,8,265.89,2024-01-19
1472,712,product_7,8,447.38,2024-08-07
1473,712,product_12,3,21.39,2024-10-07
1474,712,product_37,4,484.89,2024-04-14
1475,712,product_36,8,342.97,2024-09-13
1476,713,product_7,7,123.74,2024-02-25
1477,713,product_41,7,438.29,2024-03-18
1478,713,product_23,4,428.72,2024-01-23
1479,713,product_42,7,36.4,2024-09-04
1480,714,product_21,8,180.63,2024-10-20
1481,716,product_41,9,303.36,2024-06-25
1482,716,product_40,6,180.09,2024-03-15
1483,716,product_21,5,263.6,2024-04-27
1484,716,product_35,3,74.1,2024-06-23
1485,717,product_40,5,192.81,2024-08-16
1486,717,product_53,2,435.39,2024-11-24
1487,717,product_26,6,46.72,2024-11-07
1488,717,product_45,6,93.82,2024-01-13
1489,718,product_29,4,263.38,2024-09-23
1490,718,product_21,2,62.16,2024-05-06
1491,718,product_13,1,207.41,2024-09-25
1492,718,product_60,3,203.71,2024-01-08
1493,719,product_50,4,5.46,2024-05-16
1494,719,product_6,6,462.76,2024-06-04
1495,719,product_27,8,357.81,2024-12-08
1496,719,product_22,9,101.66,2024-05-26
1497,720,product_9,6,5.49,2024-12-13
1498,720,product_35,1,208.74,2024-03-24
1499,720,product_28,2,243.72,2024-05-26
1500,720,product_45,2,123.77,2024-06-07
1501,721,product_27,1,487.41,2024-02-11
1502,721,product_52,3,352.54,2024-04-19
1503,721,product_29,1,202.05,2024-06-20
1504,721,product_51,6,397.26,2024-07-26
1505,722,product_58,1,267.37,2024-12-07
1506,723,product_30,6,303.26,2024-02-06
1507,723,product_24,1,134.39,2024-12-08
1508,725,product_5,7,286.79,2024-10-05
1509,725,product_16,1,303.2,2024-07-17
1510,725,product_49,2,120.66,2024-02-13
1511,725,product_11,5,362.55,2024-07-27
1512,726,product_11,2,491.36,2024-12-08
1513,726,product_50,8,114.99,2024-04-03
1514,726,product_31,4,485.86,2024-01-13
1515,726,product_39,3,373.66,2024-04-01
1516,727,product_21,9,118.76,2024-03-14
1517,728,product_4,4,317.96,2024-05-28
1518,728,product_19,4,280.45,2024-02-04
1519,730,product_15,3,27.86,2024-03-08
1520,732,product_2,5,191.03,2024-06-19
1521,732,product_26,3,389.11,2024-06-19
1522,732,product_43,4,113.13,2024-02-06
1523,732,product_28,6,172.4,2024-03-28
1524,733,product_9,8,154.28,2024-12-11
1525,733,product_17,4,409.7,2024-10-19
1526,733,product_29,6,364.43,2024-06-10
1527,733,product_3,3,237.31,2024-09-22
1528,734,product_12,3,103.83,2024-10-16
1529,735,product_27,3,19.27,2024-06-26
1530,735,product_28,5,34.98,2024-06-28
1531,735,product_33,6,106.69,2024-10-08
1532,736,product_49,6,32.24,2024-07-13
1533,737,product_49,9,26.83,2024-12-26
1534,737,product_47,9,123.21,2024-02-28
1535,737,product_34,3,212.71,2024-05-06
1536,737,product_7,4,29.54,2024-02-23
1537,738,product_57,3,490.51,2024-07-01
1538,738,product_42,6,153.83,2024-11-23
1539,738,product_53,3,455.91,2024-12-27
1540,740,product_49,1,48.16,2024-05-16
1541,740,product_24,6,417.85,2024-03-03
1542,741,product_18,1,457.8,2024-02-28
1543,741,product_49,8,141.13,2024-01-22
1544,741,product_54,5,368.32,2024-12-06
1545,741,product_42,2,18.64,2024-07-17
1546,742,product_44,7,102.24,2024-06-13
1547,743,product_14,1,286.91,2024-06-21
1548,743,product_20,6,389.4,2024-05-04
1549,743,product_51,1,390.88,2024-05-05
1550,744,product_41,2,60.84,2024-10-12
1551,744,product_47,4,230.51,2024-08-18
1552,744,product_12,1,93.51,2024-04-11
1553,744,product_9,7,311.51,2024-11-13
1554,745,product_59,5,41.1,2024-07-01
1555,746,product_39,3,364.86,2024-07-15
1556,746,product_34,8,391.89,2024-09-01
1557,746,product_55,4,29.77,2024-01-25
1558,746,product_14,3,108.57,2024-03-18
1559,747,product_60,8,345.25,2024-07-06
1560,747,product_30,8,57.79,2024-03-16
1561,748,product_40,4,179.83,2024-07-10
1562,748,product_26,1,110.66,2024-10-11
1563,748,product_58,1,257.07,2024-11-08
1564,750,product_1,8,64.89,2024-05-09
1565,750,product_4,7,449.19,2024-07-20
1566,750,product_32,9,457.39,2024-05-25
1567,750,product_10,1,183.74,2024-05-10
1568,751,product_33,7,66.57,2024-04-14
1569,751,product_18,2,129.27,2024-12-04
1570,751,product_44,1,5.3,2024-09-07
1571,752,product_52,5,179.2,2024-02-15
1572,752,product_4,8,223.43,2024-01-06
1573,752,product_45,9,60.51,2024-11-05
1574,754,product_8,3,66.66,2024-05-09
1575,754,product_33,3,464.69,2024-05-09
1576,754,product_9,4,346.53,2024-02-27
1577,756,product_30,8,346.25,2024-06-14
1578,757,product_5,6,478.55,2024-01-18
1579,757,product_42,6,449.94,2024-06-20
1580,757,product_51,1,348.74,2024-08-24
1581,757,product_36,1,46.74,2024-09-08
1582,758,product_46,9,341.28,2024-06-05
1583,758,product_49,3,148.22,2024-01-16
1584,758,product_47,9,116.84,2024-11-15
1585,759,product_20,5,217.29,2024-11-27
1586,760,product_55,9,335.3,2024-09-08
1587,760,product_33,9,119.05,2024-01-05
1588,761,product_6,7,120.78,2024-08-19
1589,761,product_51,1,349.03,2024-09-14
1590,761,product_7,8,98.11,2024-07-09
1591,762,product_34,2,182.54,2024-11-05
1592,763,product_24,9,72.83,2024-12-17
1593,763,product_40,5,348.01,2024-03-18
1594,763,product_33,9,213.15,2024-01-27
1595,763,product_34,2,480.84,2024-06-25
1596,764,product_11,9,62.51,2024-11-21
1597,764,product_58,2,376.62,2024-04-07
1598,764,product_55,3,59.67,2024-02-10
1599,764,product_21,5,452.1,2024-07-14
1600,765,product_37,8,338.6,2024-06-01
1601,766,product_36,2,494.1,2024-11-09
1602,766,product_2,5,136.21,2024-07-15
1603,768,product_2,2,425.87,2024-01-26
1604,768,product_12,8,228.91,2024-06-26
1605,769,product_49,1,55.21,2024-07-26
1606,769,product_56,4,456.51,2024-02-06
1607,769,product_41,1,161.25,2024-10-19
1608,770,product_18,1,404.03,2024-08-15
1609,770,product_29,1,78.07,2024-07-17
1610,771,product_44,2,235.63,2024-02-16
1611,772,product_22,2,43.07,2024-05-17
1612,772,product_39,8,111.62,2024-11-15
1613,772,product_48,5,290.09,2024-08-13
1614,773,product_39,1,383.51,2024-02-27
1615,773,product_38,9,347.04,2024-06-11
1616,773,product_3,2,155.76,2024-01-17
1617,774,product_41,1,279.29,2024-11-26
1618,774,product_11,5,168.59,2024-02-25
1619,774,product_54,4,361.63,2024-07-04
1620,774,product_30,1,227.53,2024-04-07
1621,775,product_48,6,418.71,2024-09-24
1622,776,product_21,6,130.46,2024-04-19
1623,776,product_37,1,285.09,2024-12-14
1624,776,product_16,1,423.36,2024-02-17
1625,777,product_35,5,476.31,2024-07-15
1626,778,product_24,9,287.4,2024-02-03
1627,778,product_33,5,182.35,2024-12-16
1628,778,product_13,1,440.41,2024-11-25
1629,778,product_2,6,473.42,2024-03-05
1630,779,product_41,4,22.43,2024-07-17
1631,779,product_1,1,495.35,2024-07-06
1632,779,product_52,6,343.41,2024-02-27
1633,779,product_52,4,76.57,2024-08-24
1634,780,product_28,6,382.99,2024-01-07
1635,780,product_36,2,183.9,2024-09-04
1636,780,product_1,1,273.38,2024-10-13
1637,780,product_33,1,167.9,2024-06-06
1638,781,product_13,4,476.1,2024-02-10
1639,782,product_14,1,331.21,2024-02-11
1640,782,product_30,4,91.48,2024-11-21
1641,782,product_45,5,321.33,2024-07-14
1642,782,product_1,4,9.54,2024-02-28
1643,783,product_17,4,304.29,2024-03-22
1644,784,product_54,2,39.71,2024-09-17
1645,784,product_32,9,172.49,2024-05-10
1646,784,product_21,4,166.9,2024-09-12
1647,785,product_45,3,258.66,2024-02-12
1648,785,product_5,1,23.39,2024-11-12
1649,785,product_18,9,182.52,2024-06-22
1650,785,product_49,5,403.6,2024-01-21
1651,786,product_27,8,360.35,2024-01-19
1652,786,product_27,4,438.52,2024-01-02
1653,786,product_34,6,227.96,2024-10-01
1654,788,product_3,4,474.02,2024-01-20
1655,788,product_8,4,220.15,2024-06-06
1656,789,product_11,2,456.55,2024-02-09
1657,790,product_38,7,450.7,2024-01-18
1658,791,product_32,5,433.76,2024-01-11
1659,791,product_36,5,87.93,2024-07-24
1660,791,product_19,7,233.92,2024-10-01
1661,791,product_11,4,192.19,2024-05-16
1662,792,product_1,4,347.31,2024-10-22
1663,793,product_3,4,273.55,2024-06-15
1664,796,product_2,4,181.52,2024-11-02
1665,798,product_15,2,363.0,2024-01-23
1666,799,product_31,7,282.72,2024-09-25
1667,799,product_55,3,38.73,2024-05-12
1668,799,product_25,4,67.19,2024-04-26
1669,800,product_30,6,260.16,2024-06-11
1670,800,product_46,6,499.31,2024-06-13
1671,801,product_22,3,188.53,2024-12-23
1672,801,product_59,1,246.17,2024-04-13
1673,801,product_40,1,381.3,2024-03-23
1674,802,product_43,4,35.82,2024-06-13
1675,802,product_10,5,356.38,2024-02-05
1676,802,product_20,5,415.3,2024-06-26
1677,803,product_29,1,467.67,2024-04-17
1678,803,product_1,5,35.96,2024-01-25
1679,805,product_5,7,37.62,2024-04-19
1680,805,product_39,8,463.14,2024-12-23
1681,805,product_21,4,166.43,2024-08-27
1682,805,product_30,3,341.82,2024-07-09
1683,806,product_27,9,72.99,2024-09-02
1684,806,product_11,5,167.68,2024-05-20
1685,806,product_58,3,291.51,2024-08-08
1686,806,product_44,9,374.07,2024-12-09
1687,807,product_39,4,82.86,2024-08-10
1688,808,product_30,8,291.32,2024-11-17
1689,808,product_50,9,312.38,2024-04-15
1690,808,product_59,7,432.48,2024-03-22
1691,808,product_8,2,85.23,2024-12-01
1692,809,product_5,7,280.31,2024-08-02
1693,811,product_46,9,101.27,2024-03-18
1694,811,product_13,7,194.84,2024-01-23
1695,811,product_34,3,292.4,2024-05-07
1696,813,product_48,9,123.84,2024-06-26
1697,813,product_48,1,174.92,2024-12-01
1698,816,product_13,7,331.07,2024-10-04
1699,818,product_50,6,132.94,2024-07-25
1700,818,product_10,9,30.64,2024-09-02
1701,818,product_19,6,195.68,2024-09-05
1702,818,product_30,6,310.63,2024-01-04
1703,823,product_26,9,349.19,2024-07-05
1704,823,product_52,7,166.96,2024-10-09
1705,823,product_9,3,107.3,2024-01-23
1706,823,product_39,4,28.17,2024-04-17
1707,825,product_19,4,120.69,2024-09-11
1708,825,product_27,8,316.94,2024-05-01
1709,826,product_50,2,105.59,2024-03-02
1710,826,product_50,5,51.95,2024-05-08
1711,826,product_15,4,8.4,2024-09-22
1712,827,product_2,2,363.09,2024-05-13
1713,828,product_12,4,175.56,2024-12-13
1714,828,product_31,7,405.34,2024-05-27
1715,828,product_5,2,440.12,2024-04-15
1716,829,product_11,8,120.05,2024-05-23
1717,829,product_58,8,123.45,2024-11-14
1718,830,product_51,1,116.86,2024-07-17
1719,831,product_56,7,256.88,2024-12-13
1720,831,product_18,2,27.16,2024-12-06
1721,831,product_15,3,189.04,2024-03-18
1722,831,product_21,7,211.6,2024-10-20
1723,832,product_38,6,100.45,2024-09-21
1724,832,product_58,1,350.54,2024-11-20
1725,832,product_31,8,20.48,2024-10-12
1726,833,product_28,7,71.05,2024-12-19
1727,833,product_25,3,312.82,2024-08-27
1728,833,product_29,9,388.39,2024-08-25
1729,833,product_3,7,217.06,2024-12-12
1730,834,product_39,2,197.31,2024-11-12
1731,835,product_49,5,380.51,2024-07-23
1732,837,product_51,1,103.2,2024-10-26
1733,838,product_57,4,120.78,2024-12-28
1734,839,product_11,9,94.67,2024-12-24
1735,839,product_53,8,328.96,2024-12-05
1736,839,product_25,5,202.33,2024-06-21
1737,839,product_9,6,91.56,2024-12-17
1738,840,product_17,5,154.66,2024-02-17
1739,840,product_3,2,105.22,2024-05-11
1740,840,product_34,1,289.07,2024-05-26
1741,841,product_31,4,59.79,2024-09-28
1742,841,product_26,4,270.42,2024-05-14
1743,841,product_37,2,195.82,2024-03-04
1744,843,product_22,1,107.12,2024-07-28
1745,843,product_22,5,448.24,2024-07-13
1746,843,product_1,7,475.34,2024-05-08
1747,843,product_49,2,452.27,2024-07-17
1748,844,product_45,1,152.22,2024-11-08
1749,844,product_59,6,214.55,2024-06-07
1750,846,product_44,4,96.74,2024-09-02
1751,846,product_52,3,101.8,2024-03-19
1752,846,product_59,4,406.37,2024-08-21
1753,846,product_23,2,433.54,2024-05-27
1754,847,product_27,4,212.26,2024-09-12
1755,847,product_5,7,44.48,2024-07-12
1756,848,product_26,5,401.2,2024-07-22
1757,848,product_32,2,419.07,2024-06-09
1758,848,product_57,5,240.4,2024-05-17
1759,848,product_52,6,15.03,2024-01-13
1760,849,product_51,6,15.95,2024-06-03
1761,849,product_19,8,367.58,2024-02-15
1762,850,product_23,3,157.57,2024-05-22
1763,851,product_57,4,276.03,2024-01-23
1764,851,product_55,5,301.44,2024-04-16
1765,852,product_31,8,74.26,2024-09-02
1766,854,product_35,1,336.39,2024-03-14
1767,854,product_52,3,234.96,2024-06-23
1768,856,product_49,3,60.67,2024-12-17
1769,856,product_43,7,184.47,2024-02-27
1770,856,product_25,1,84.81,2024-09-10
1771,856,product_16,3,207.06,2024-02-05
1772,857,product_59,2,158.57,2024-01-28
1773,858,product_9,2,98.87,2024-01-12
1774,858,product_22,7,129.73,2024-09-24
1775,858,product_1,5,175.81,2024-08-01
1776,858,product_24,7,476.68,2024-11-23
1777,859,product_54,5,294.98,2024-05-19
1778,859,product_49,2,185.36,2024-10-16
1779,859,product_44,6,107.97,2024-11-27
1780,859,product_26,5,162.81,2024-08-14
1781,861,product_22,1,288.58,2024-12-24
1782,861,product_38,2,139.15,2024-08-21
1783,861,product_28,4,330.17,2024-02-11
1784,861,product_35,9,496.06,2024-06-07
1785,862,product_22,4,230.96,2024-09-05
1786,862,product_2,7,138.35,2024-11-09
1787,862,product_11,6,404.89,2024-12-04
1788,862,product_8,3,118.2,2024-07-19
1789,863,product_33,1,499.13,2024-04-28
1790,863,product_56,7,27.39,2024-05-26
1791,864,product_18,8,233.69,2024-05-21
1792,864,product_29,4,435.61,2024-09-25
1793,864,product_37,6,388.49,2024-06-17
1794,865,product_26,1,383.65,2024-06-20
1795,866,product_25,3,433.97,2024-11-06
1796,866,product_40,3,151.85,2024-05-24
1797,866,product_23,4,342.83,2024-03-04
1798,866,product_13,1,438.25,2024-03-23
1799,868,product_13,1,327.86,2024-12-13
1800,869,product_57,9,270.36,2024-04-23
1801,869,product_9,7,495.6,2024-09-10
1802,869,product_55,8,263.59,2024-07-08
1803,870,product_1,6,296.11,2024-07-04
1804,870,product_59,8,85.01,2024-09-15
1805,870,product_7,9,340.64,2024-02-07
1806,872,product_54,9,185.65,2024-01-18
1807,872,product_56,6,433.54,2024-02-25
1808,872,product_20,1,363.59,2024-08-08
1809,873,product_4,4,262.39,2024-07-13
1810,873,product_24,2,47.66,2024-12-01
1811,874,product_40,2,63.91,2024-09-16
1812,874,product_33,8,406.43,2024-02-17
1813,875,product_36,8,414.62,2024-03-09
1814,875,product_42,5,311.75,2024-10-28
1815,875,product_42,9,83.12,2024-04-09
1816,875,product_9,3,404.45,2024-12-25
1817,876,product_7,2,25.52,2024-06-26
1818,876,product_10,9,392.96,2024-05-28
1819,877,product_51,3,73.69,2024-03-02
1820,879,product_44,3,474.86,2024-11-16
1821,879,product_43,9,28.43,2024-07-19
1822,880,product_13,9,222.25,2024-04-07
1823,880,product_22,2,441.84,2024-11-25
1824,880,product_34,5,96.45,2024-05-24
1825,880,product_40,5,113.69,2024-09-08
1826,881,product_20,2,178.57,2024-02-13
1827,881,product_19,1,85.57,2024-12-06
1828,882,product_35,9,51.07,2024-03-04
1829,882,product_60,8,207.8,2024-08-23
1830,882,product_44,1,188.04,2024-06-14
1831,882,product_20,8,143.98,2024-09-20
1832,883,product_36,5,6.88,2024-10-04
1833,883,product_17,4,73.41,2024-01-16
1834,883,product_31,4,359.37,2024-06-01
1835,883,product_51,3,301.99,2024-06-07
1836,884,product_40,6,253.1,2024-04-20
1837,884,product_50,2,249.21,2024-05-07
1838,885,product_33,7,377.09,2024-11-28
1839,886,product_9,7,25.41,2024-09-20
1840,886,product_40,6,119.8,2024-09-05
1841,887,product_27,8,326.88,2024-05-20
1842,887,product_24,9,111.51,2024-01-13
1843,888,product_6,7,161.0,2024-03-17
1844,888,product_49,9,337.83,2024-02-04
1845,888,product_32,8,209.63,2024-02-22
1846,888,product_14,3,104.17,2024-08-21
1847,889,product_6,1,264.33,2024-11-14
1848,889,product_16,5,231.16,2024-01-05
1849,890,product_3,6,498.35,2024-09-19
1850,891,product_36,3,287.22,2024-06-06
1851,891,product_45,4,455.03,2024-07-28
1852,892,product_46,2,265.36,2024-09-23
1853,892,product_27,2,293.01,2024-02-07
1854,893,product_10,9,287.44,2024-02-08
1855,893,product_27,9,135.48,2024-10-19
1856,893,product_11,3,486.31,2024-06-02
1857,895,product_55,7,181.49,2024-11-25
1858,895,product_57,8,137.88,2024-07-23
1859,895,product_57,2,20.31,2024-11-15
1860,895,product_28,8,51.43,2024-02-28
1861,896,product_3,6,62.39,2024-01-18
1862,897,product_13,7,160.9,2024-01-03
1863,897,product_52,4,114.15,2024-01-02
1864,897,product_40,2,262.96,2024-11-07
1865,898,product_2,1,311.97,2024-08-05
1866,899,product_25,5,192.07,2024-09-02
1867,899,product_3,4,444.96,2024-10-21
1868,899,product_57,4,222.3,2024-01-09
1869,900,product_36,7,181.91,2024-09-01
1870,900,product_40,7,448.7,2024-10-06
1871,902,product_27,8,270.35,2024-09-14
1872,902,product_44,3,172.25,2024-06-16
1873,902,product_35,9,431.54,2024-05-04
1874,902,product_36,7,6.7,2024-07-17
1875,903,product_46,7,184.83,2024-09-02
1876,903,product_51,2,416.99,2024-05-11
1877,903,product_12,3,275.98,2024-09-19
1878,903,product_48,4,487.33,2024-05-24
1879,904,product_9,7,109.52,2024-12-06
1880,905,product_34,9,42.22,2024-02-22
1881,905,product_51,5,387.42,2024-01-27
1882,905,product_52,2,197.14,2024-07-17
1883,905,product_22,9,13.42,2024-10-12
1884,906,product_11,5,189.93,2024-02-09
1885,906,product_57,5,111.08,2024-09-19
1886,906,product_11,9,144.52,2024-11-17
1887,906,product_60,5,197.61,2024-06-06
1888,909,product_21,3,433.04,2024-06-23
1889,909,product_56,8,485.35,2024-08-11
1890,911,product_3,9,147.84,2024-03-04
1891,911,product_41,9,56.05,2024-10-19
1892,911,product_54,2,165.16,2024-02-24
1893,913,product_22,7,75.96,2024-01-24
1894,913,product_35,3,221.03,2024-11-20
1895,913,product_5,4,264.47,2024-05-13
1896,914,product_35,5,463.33,2024-10-24
1897,914,product_20,1,448.26,2024-07-04
1898,915,product_27,8,209.93,2024-05-12
1899,915,product_4,8,46.28,2024-06-16
1900,915,product_24,9,61.79,2024-10-24
1901,918,product_43,9,68.33,2024-04-18
1902,919,product_55,6,327.8,2024-10-05
1903,919,product_36,4,221.87,2024-12-11
1904,919,product_32,5,156.89,2024-08-18
1905,919,product_21,4,147.28,2024-06-06
1906,920,product_18,4,153.54,2024-02-25
1907,921,product_34,1,234.9,2024-01-06
1908,921,product_38,3,27.35,2024-10-24
1909,921,product_11,6,470.61,2024-03-02
1910,922,product_46,8,375.93,2024-02-01
1911,922,product_55,3,86.94,2024-07-08
1912,923,product_13,7,52.01,2024-02-08
1913,924,product_32,4,39.05,2024-10-17
1914,924,product_22,9,41.74,2024-01-01
1915,925,product_2,7,111.09,2024-06-28
1916,926,product_1,6,300.49,2024-08-13
1917,926,product_57,5,318.54,2024-01-28
1918,926,product_27,3,479.41,2024-05-28
1919,926,product_21,1,341.97,2024-07-27
1920,927,product_38,3,131.09,2024-08-24
1921,927,product_41,1,345.33,2024-02-28
1922,927,product_57,3,387.78,2024-03-02
1923,927,product_7,3,73.59,2024-06-09
1924,928,product_1,3,34.58,2024-04-16
1925,928,product_49,6,29.06,2024-02-01
1926,928,product_58,7,162.09,2024-10-27
1927,930,product_40,6,470.54,2024-06-16
1928,930,product_58,4,455.37,2024-01-06
1929,930,product_60,7,131.36,2024-01-27
1930,930,product_58,2,101.26,2024-08-08
1931,931,product_58,2,134.5,2024-08-23
1932,931,product_51,8,174.29,2024-09-08
1933,932,product_4,6,360.0,2024-02-03
1934,932,product_42,9,455.41,2024-07-20
1935,932,product_37,2,141.86,2024-06-04
1936,932,product_40,6,47.75,2024-01-13
1937,933,product_54,2,486.85,2024-07-05
1938,933,product_25,2,342.84,2024-09-23
1939,933,product_23,1,229.81,2024-01-16
1940,935,product_42,1,287.07,2024-07-14
1941,936,product_10,5,218.54,2024-10-06
1942,936,product_39,4,179.4,2024-06-18
1943,936,product_57,6,360.88,2024-07-16
1944,937,product_35,1,469.36,2024-12-24
1945,937,product_6,4,163.79,2024-02-06
1946,939,product_9,9,169.65,2024-04-22
1947,939,product_55,8,87.94,2024-07-26
1948,939,product_56,5,231.14,2024-09-06
1949,940,product_18,7,419.13,2024-04-15
1950,941,product_57,1,253.18,2024-01-10
1951,941,product_10,9,160.42,2024-01-20
1952,941,product_40,5,289.56,2024-08-14
1953,942,product_47,3,435.74,2024-01-01
1954,942,product_48,2,417.19,2024-02-03
1955,942,product_33,8,115.56,2024-11-17
1956,943,product_10,6,401.93,2024-09-22
1957,943,product_48,8,456.69,2024-08-17
1958,944,product_8,4,87.51,2024-01-03
1959,944,product_17,8,228.88,2024-07-15
1960,944,product_57,5,276.65,2024-11-17
1961,944,product_19,9,479.44,2024-11-17
1962,945,product_35,1,192.83,2024-12-28
1963,945,product_43,8,396.87,2024-10-27
1964,945,product_2,2,260.6,2024-05-16
1965,946,product_26,1,332.56,2024-01-04
1966,947,product_57,2,98.49,2024-01-12
1967,947,product_54,7,164.81,2024-09-11
1968,947,product_19,4,461.48,2024-07-26
1969,948,product_21,4,404.16,2024-11-14
1970,948,product_52,3,480.88,2024-11-17
1971,948,product_24,1,41.17,2024-06-19
1972,948,product_54,2,409.97,2024-03-23
1973,949,product_20,4,444.73,2024-06-02
1974,949,product_27,9,221.61,2024-10-26
1975,951,product_45,3,467.98,2024-08-11
1976,951,product_7,2,474.32,2024-02-08
1977,951,product_22,3,175.91,2024-06-23
1978,952,product_26,8,182.31,2024-09-13
1979,952,product_59,7,202.09,2024-02-21
1980,952,product_14,3,29.5,2024-03-07
1981,953,product_5,2,79.51,2024-07-05
1982,953,product_37,5,181.15,2024-09-17
1983,954,product_20,3,201.82,2024-05-04
1984,954,product_34,8,120.3,2024-02-11
1985,954,product_43,3,242.96,2024-06-17
1986,956,product_3,2,127.18,2024-01-07
1987,958,product_24,8,97.38,2024-03-11
1988,958,product_33,8,421.68,2024-11-08
1989,959,product_9,9,366.62,2024-09-24
1990,959,product_14,9,216.23,2024-03-20
1991,960,product_34,5,279.8,2024-05-23
1992,961,product_22,8,445.85,2024-10-22
1993,961,product_4,3,425.74,2024-06-26
1994,961,product_40,2,128.97,2024-11-27
1995,962,product_14,1,109.46,2024-02-23
1996,962,product_15,2,36.77,2024-09-15
1997,962,product_23,3,114.57,2024-03-12
1998,964,product_41,2,470.01,2024-05-27
1999,964,product_16,8,146.11,2024-03-14
2000,965,product_59,2,203.78,2024-06-01
2001,966,product_59,7,475.11,2024-08-12
2002,966,product_30,4,152.7,2024-11-04
2003,966,product_9,1,408.08,2024-05-17
2004,967,product_55,8,321.94,2024-09-26
2005,968,product_26,9,151.83,2024-12-20
2006,968,product_22,2,190.79,2024-03-09
2007,968,product_56,3,275.7,2024-12-05
2008,968,product_48,6,96.49,2024-02-03
2009,972,product_60,2,171.73,2024-01-26
2010,973,product_47,3,309.2,2024-04-26
2011,973,product_40,1,172.47,2024-04-19
2012,974,product_19,8,77.37,2024-08-22
2013,977,product_1,8,307.22,2024-09-03
2014,977,product_21,7,289.31,2024-08-19
2015,977,product_3,9,180.28,2024-02-06
2016,978,product_35,5,69.83,2024-06-23
2017,978,product_54,1,408.07,2024-01-27
2018,978,product_59,7,356.41,2024-05-20
2019,979,product_43,5,364.3,2024-09-13
2020,980,product_21,1,36.8,2024-11-04
2021,980,product_53,5,254.09,2024-04-28
2022,982,product_9,5,35.76,2024-03-13
2023,982,product_9,4,309.96,2024-09-23
2024,982,product_49,1,24.25,2024-03-07
2025,983,product_39,5,382.35,2024-10-19
2026,984,product_30,3,196.67,2024-04-15
2027,984,product_29,4,258.42,2024-09-26
2028,985,product_9,2,216.25,2024-12-23
2029,986,product_26,5,150.49,2024-12-18
2030,986,product_48,3,233.18,2024-01-06
2031,987,product_48,5,120.18,2024-11-03
2032,987,product_35,6,48.06,2024-09-10
2033,987,product_55,2,458.95,2024-03-02
2034,987,product_35,4,161.03,2024-01-24
2035,988,product_37,6,315.46,2024-07-13
2036,988,product_35,4,357.59,2024-02-09
2037,988,product_46,9,433.18,2024-11-18
2038,988,product_35,5,220.21,2024-06-06
2039,989,product_33,9,440.16,2024-07-27
2040,989,product_49,8,243.89,2024-06-27
2041,989,product_17,4,136.04,2024-10-02
2042,989,product_47,5,267.27,2024-09-28
2043,990,product_5,8,269.39,2024-11-18
2044,990,product_59,5,301.93,2024-01-02
2045,990,product_46,9,360.22,2024-12-28
2046,990,product_32,6,92.53,2024-11-11
2047,991,product_51,5,333.76,2024-04-08
2048,991,product_6,4,241.95,2024-03-05
2049,991,product_52,6,140.67,2024-01-28
2050,991,product_31,2,153.61,2024-09-12
2051,992,product_51,6,126.85,2024-02-07
2052,993,product_28,4,352.29,2024-03-13
2053,993,product_29,3,288.08,2024-01-12
2054,993,product_30,8,108.8,2024-06-19
2055,993,product_25,9,64.66,2024-06-22
2056,994,product_4,4,304.06,2024-03-21
2057,995,product_59,7,446.14,2024-08-25
2058,995,product_20,7,424.94,2024-10-19
2059,995,product_33,5,176.94,2024-05-09
2060,995,product_45,4,71.73,2024-05-24
2061,996,product_22,2,45.29,2024-09-20
2062,997,product_27,7,183.3,2024-06-05
2063,998,product_58,9,206.2,2024-04-28
2064,998,product_7,9,220.41,2024-04-16
2065,998,product_10,3,171.03,2024-06-27
2066,999,product_52,3,100.71,2024-02-13
2067,999,product_8,8,214.42,2024-04-23
2068,1000,product_8,1,369.72,2024-12-04
2069,1001,product_43,7,209.75,2024-02-27
2070,1001,product_56,8,346.49,2024-10-13
2071,1001,product_30,5,26.53,2024-05-03
2072,1002,product_21,4,388.77,2024-04-08
2073,1002,product_9,4,465.15,2024-12-18
2074,1003,product_23,2,395.09,2024-02-13
2075,1004,product_10,2,135.96,2024-04-01
2076,1004,product_21,6,110.94,2024-04-05
2077,1004,product_58,7,147.86,2024-03-24
2078,1005,product_15,4,192.6,2024-10-12
2079,1006,product_8,9,28.54,2024-03-14
2080,1006,product_4,1,455.94,2024-07-22
2081,1006,product_22,2,190.37,2024-01-10
2082,1007,product_48,8,133.13,2024-09-05
2083,1007,product_37,8,492.81,2024-02-27
2084,1009,product_38,7,85.75,2024-03-10
2085,1009,product_15,6,427.34,2024-06-08
2086,1011,product_47,5,142.56,2024-02-11
2087,1013,product_10,4,140.73,2024-12-10
2088,1014,product_57,4,294.81,2024-05-28
2089,1014,product_60,5,456.79,2024-05-03
2090,1017,product_33,7,411.6,2024-10-20
2091,1017,product_13,2,272.39,2024-03-05
2092,1019,product_44,6,22.31,2024-08-15
2093,1019,product_10,1,383.75,2024-04-01
2094,1020,product_56,3,446.66,2024-08-18
2095,1020,product_5,7,313.4,2024-03-02
2096,1020,product_28,8,165.71,2024-01-10
2097,1021,product_16,2,73.37,2024-08-15
2098,1021,product_18,1,276.76,2024-07-20
2099,1022,product_27,2,176.99,2024-08-11
2100,1022,product_57,4,445.21,2024-08-27
2101,1022,product_11,1,157.73,2024-10-13
2102,1022,product_42,3,428.16,2024-06-27
2103,1024,product_6,1,79.11,2024-09-04
2104,1025,product_54,2,256.53,2024-03-10
2105,1025,product_40,1,308.07,2024-11-03
2106,1025,product_1,6,175.57,2024-08-19
2107,1026,product_52,1,367.02,2024-11-26
2108,1026,product_49,8,105.52,2024-10-16
2109,1026,product_46,1,491.37,2024-12-23
2110,1026,product_26,2,178.32,2024-10-14
2111,1027,product_28,8,220.32,2024-08-02
2112,1028,product_4,3,149.49,2024-08-08
2113,1028,product_28,4,417.81,2024-11-04
2114,1030,product_44,8,438.22,2024-05-20
2115,1030,product_58,5,7.24,2024-09-12
2116,1030,product_28,8,185.33,2024-07-07
2117,1030,product_21,9,304.74,2024-06-06
2118,1031,product_24,8,295.98,2024-07-23
2119,1032,product_60,6,133.64,2024-01-11
2120,1032,product_25,6,126.5,2024-12-13
2121,1032,product_5,9,366.63,2024-01-20
2122,1032,product_21,4,372.29,2024-11-02
2123,1033,product_58,8,438.79,2024-05-25
2124,1034,product_42,9,391.09,2024-12-07
2125,1034,product_42,1,101.25,2024-05-07
2126,1034,product_54,8,152.2,2024-12-02
2127,1034,product_12,8,495.18,2024-05-25
2128,1035,product_53,4,12.93,2024-05-16
2129,1037,product_1,1,348.52,2024-01-28
2130,1037,product_37,6,183.18,2024-03-03
2131,1037,product_2,1,93.59,2024-03-24
2132,1038,product_37,4,201.19,2024-09-04
2133,1040,product_28,7,96.46,2024-08-10
2134,1040,product_9,9,157.0,2024-06-12
2135,1040,product_55,1,376.01,2024-06-20
2136,1041,product_50,9,35.86,2024-06-04
2137,1041,product_44,7,385.99,2024-12-24
2138,1041,product_48,1,314.93,2024-05-13
2139,1041,product_41,6,471.63,2024-02-26
2140,1042,product_19,1,443.54,2024-03-16
2141,1042,product_52,6,257.25,2024-08-13
2142,1044,product_4,8,313.08,2024-12-15
2143,1044,product_29,7,318.61,2024-07-13
2144,1044,product_22,2,295.15,2024-04-02
2145,1045,product_13,2,472.58,2024-12-10
2146,1045,product_56,9,356.99,2024-04-02
2147,1045,product_41,9,57.92,2024-03-22
2148,1047,product_28,4,73.73,2024-01-06
2149,1048,product_43,7,170.14,2024-01-16
2150,1049,product_60,5,202.44,2024-05-06
2151,1049,product_52,1,316.0,2024-07-19
2152,1049,product_32,8,104.43,2024-04-12
2153,1050,product_27,4,431.53,2024-01-15
2154,1051,product_45,9,434.85,2024-01-15
2155,1051,product_22,3,271.43,2024-11-14
2156,1051,product_21,8,87.44,2024-01-13
2157,1051,product_42,2,335.61,2024-06-04
2158,1053,product_20,5,207.9,2024-11-10
2159,1053,product_17,6,448.08,2024-04-23
2160,1053,product_57,8,292.27,2024-12-03
2161,1053,product_53,7,290.36,2024-11-12
2162,1054,product_44,8,449.85,2024-09-26
2163,1054,product_43,4,291.31,2024-01-12
2164,1054,product_14,4,385.35,2024-08-01
2165,1054,product_7,3,306.4,2024-08-26
2166,1055,product_47,4,255.95,2024-10-04
2167,1055,product_31,9,290.22,2024-04-09
2168,1056,product_60,4,484.91,2024-07-13
2169,1056,product_57,6,117.89,2024-11-08
2170,1058,product_57,3,460.88,2024-07-25
2171,1059,product_39,4,12.78,2024-12-12
2172,1060,product_9,2,181.41,2024-07-05
2173,1060,product_33,2,112.05,2024-04-28
2174,1062,product_42,2,241.84,2024-09-10
2175,1062,product_43,7,95.63,2024-06-15
2176,1062,product_51,9,97.1,2024-06-05
2177,1062,product_36,9,431.75,2024-09-18
2178,1063,product_39,7,410.11,2024-09-19
2179,1063,product_39,7,378.19,2024-12-23
2180,1063,product_39,4,255.11,2024-05-25
2181,1064,product_49,7,234.75,2024-03-02
2182,1064,product_27,4,286.97,2024-03-06
2183,1064,product_8,5,196.04,2024-05-05
2184,1064,product_28,6,80.32,2024-04-23
2185,1065,product_4,3,225.83,2024-10-14
2186,1065,product_60,7,290.32,2024-01-23
2187,1065,product_56,8,154.91,2024-11-27
2188,1067,product_24,7,219.83,2024-04-11
2189,1067,product_5,3,269.2,2024-05-09
2190,1069,product_11,4,93.21,2024-05-07
2191,1071,product_39,6,319.63,2024-04-05
2192,1072,product_30,3,273.48,2024-09-23
2193,1072,product_60,9,325.62,2024-03-01
2194,1072,product_55,5,247.13,2024-04-08
2195,1073,product_52,8,378.6,2024-02-21
2196,1073,product_10,4,359.82,2024-11-21
2197,1074,product_50,5,363.68,2024-05-10
2198,1074,product_12,9,31.31,2024-06-07
2199,1075,product_41,8,209.52,2024-02-26
2200,1075,product_13,7,216.14,2024-05-05
2201,1075,product_47,1,393.98,2024-12-14
2202,1075,product_25,5,471.21,2024-10-22
2203,1076,product_45,7,427.31,2024-04-02
2204,1076,product_27,7,485.98,2024-03-15
2205,1076,product_13,1,79.61,2024-01-11
2206,1076,product_18,7,157.18,2024-02-26
2207,1077,product_29,3,68.66,2024-12-23
2208,1079,product_13,3,488.99,2024-03-26
2209,1079,product_8,7,363.73,2024-03-14
2210,1080,product_16,5,344.77,2024-03-18
2211,1080,product_52,6,194.81,2024-07-28
2212,1081,product_20,8,112.75,2024-03-19
2213,1081,product_58,3,293.04,2024-08-28
2214,1081,product_44,8,159.45,2024-05-05
2215,1081,product_11,8,447.7,2024-12-01
2216,1082,product_32,8,39.14,2024-05-03
2217,1082,product_18,5,305.2,2024-03-15
2218,1082,product_5,5,265.43,2024-09-25
2219,1082,product_40,5,137.57,2024-07-14
2220,1083,product_31,4,185.82,2024-09-04
2221,1085,product_22,3,64.5,2024-08-17
2222,1085,product_23,3,136.85,2024-01-17
2223,1086,product_51,4,163.84,2024-05-05
2224,1086,product_32,8,301.09,2024-11-19
2225,1086,product_56,5,351.39,2024-04-16
2226,1088,product_6,7,294.8,2024-06-20
2227,1088,product_57,6,38.63,2024-02-27
2228,1089,product_5,1,150.43,2024-01-07
2229,1090,product_18,9,432.78,2024-01-05
2230,1090,product_6,1,485.98,2024-02-26
2231,1090,product_37,8,245.27,2024-03-28
2232,1091,product_17,4,447.5,2024-03-17
2233,1091,product_45,3,105.67,2024-08-05
2234,1092,product_22,6,43.3,2024-05-26
2235,1093,product_42,9,127.05,2024-02-06
2236,1093,product_21,8,196.61,2024-12-11
2237,1093,product_59,9,303.77,2024-10-27
2238,1094,product_28,8,97.79,2024-03-24
2239,1095,product_29,3,43.7,2024-01-23
2240,1095,product_53,6,54.35,2024-02-13
2241,1095,product_58,9,474.77,2024-09-18
2242,1095,product_32,8,43.44,2024-09-02
2243,1096,product_35,3,273.09,2024-03-03
2244,1096,product_59,5,222.38,2024-01-10
2245,1096,product_2,6,282.3,2024-07-24
2246,1097,product_19,1,317.73,2024-10-05
2247,1097,product_4,1,51.6,2024-01-16
2248,1097,product_1,1,330.23,2024-07-04
2249,1098,product_51,5,285.65,2024-03-13
2250,1098,product_9,3,392.99,2024-09-19
2251,1098,product_18,6,420.4,2024-03-02
2252,1098,product_44,7,29.91,2024-12-24
2253,1099,product_4,7,485.57,2024-03-24
2254,1099,product_34,8,224.52,2024-10-16
2255,1099,product_24,9,388.26,2024-05-01
2256,1099,product_6,5,263.1,2024-06-07
2257,1100,product_14,3,219.49,2024-03-05
2258,1101,product_58,4,118.26,2024-05-02
2259,1101,product_8,8,293.91,2024-08-20
2260,1101,product_21,6,314.96,2024-11-16
2261,1102,product_59,9,221.24,2024-03-02
2262,1102,product_30,3,243.85,2024-07-27
2263,1102,product_46,4,209.59,2024-05-05
2264,1102,product_25,4,447.22,2024-07-18
2265,1103,product_50,8,134.98,2024-11-14
2266,1106,product_1,3,105.21,2024-09-28
2267,1106,product_14,9,463.88,2024-07-03
2268,1106,product_5,8,262.5,2024-12-01
2269,1108,product_45,1,5.66,2024-03-25
2270,1108,product_22,1,298.66,2024-11-04
2271,1109,product_28,2,292.88,2024-08-07
2272,1109,product_50,5,484.68,2024-11-11
2273,1110,product_54,7,281.69,2024-04-21
2274,1110,product_4,2,416.24,2024-05-20
2275,1110,product_25,8,5.36,2024-05-07
2276,1111,product_48,2,447.09,2024-08-07
2277,1112,product_19,7,231.98,2024-03-02
2278,1113,product_23,3,71.35,2024-06-07
2279,1113,product_2,2,124.03,2024-11-20
2280,1113,product_17,6,63.94,2024-01-05
2281,1113,product_24,1,396.64,2024-03-24
2282,1115,product_15,5,477.68,2024-12-08
2283,1115,product_14,5,57.93,2024-07-04
2284,1115,product_27,6,92.76,2024-09-26
2285,1116,product_56,6,31.66,2024-07-18
2286,1116,product_9,3,361.04,2024-12-11
2287,1117,product_13,5,150.75,2024-05-20
2288,1118,product_22,9,12.84,2024-08-12
2289,1120,product_27,7,103.21,2024-11-22
2290,1120,product_21,4,375.04,2024-12-26
2291,1120,product_33,9,45.14,2024-10-26
2292,1120,product_60,2,79.15,2024-06-13
2293,1121,product_14,2,216.8,2024-06-18
2294,1121,product_55,6,313.58,2024-04-27
2295,1122,product_18,8,451.16,2024-08-16
2296,1122,product_8,4,262.35,2024-03-27
2297,1122,product_49,7,204.96,2024-02-04
2298,1123,product_12,9,326.44,2024-09-27
2299,1123,product_39,7,417.11,2024-12-13
2300,1123,product_59,4,288.73,2024-12-27
2301,1124,product_6,5,212.45,2024-03-19
2302,1125,product_20,3,19.44,2024-02-07
2303,1126,product_42,8,21.6,2024-10-17
2304,1127,product_51,7,100.96,2024-07-02
2305,1129,product_24,8,247.99,2024-03-20
2306,1129,product_39,2,9.71,2024-04-23
2307,1129,product_35,5,333.39,2024-07-16
2308,1129,product_26,3,360.23,2024-04-06
2309,1131,product_6,7,264.31,2024-11-21
2310,1131,product_14,4,5.24,2024-05-18
2311,1132,product_35,9,103.09,2024-06-22
2312,1133,product_20,5,11.08,2024-08-11
2313,1135,product_5,5,35.91,2024-09-07
2314,1135,product_20,8,228.32,2024-09-07
2315,1135,product_47,4,471.02,2024-02-15
2316,1135,product_24,2,49.77,2024-12-09
2317,1136,product_44,5,267.53,2024-01-13
2318,1136,product_43,7,157.34,2024-09-27
2319,1136,product_11,9,249.23,2024-07-13
2320,1137,product_36,9,242.8,2024-10-02
2321,1137,product_51,1,247.72,2024-11-02
2322,1139,product_48,3,166.15,2024-12-15
2323,1139,product_50,5,279.3,2024-11-26
2324,1139,product_4,8,448.65,2024-08-09
2325,1140,product_16,8,347.13,2024-08-28
2326,1140,product_9,4,321.29,2024-08-21
2327,1140,product_56,2,16.98,2024-02-10
2328,1142,product_23,8,213.49,2024-09-23
2329,1142,product_18,1,137.18,2024-06-14
2330,1145,product_2,6,27.06,2024-09-18
2331,1145,product_15,6,228.74,2024-05-15
2332,1145,product_18,4,440.4,2024-05-18
2333,1145,product_4,5,474.05,2024-09-16
2334,1146,product_22,9,488.64,2024-10-18
2335,1146,product_34,8,336.55,2024-05-19
2336,1146,product_48,3,445.26,2024-11-27
2337,1146,product_33,8,89.06,2024-04-20
2338,1147,product_39,9,139.78,2024-12-19
2339,1147,product_42,5,225.42,2024-02-08
2340,1147,product_40,5,420.35,2024-02-23
2341,1147,product_55,3,227.21,2024-05-09
2342,1149,product_7,3,380.45,2024-03-13
2343,1149,product_3,8,416.4,2024-03-08
2344,1149,product_51,3,342.44,2024-08-25
2345,1149,product_56,7,236.96,2024-03-22
2346,1150,product_48,9,307.8,2024-05-09
2347,1151,product_6,8,272.2,2024-12-04
2348,1152,product_34,7,454.59,2024-11-02
2349,1152,product_16,3,233.85,2024-02-22
2350,1153,product_25,2,180.4,2024-09-11
2351,1155,product_39,2,389.34,2024-09-21
2352,1156,product_32,8,45.86,2024-03-14
2353,1156,product_11,7,14.8,2024-02-18
2354,1157,product_31,5,89.61,2024-03-07
2355,1157,product_13,5,66.37,2024-05-11
2356,1157,product_26,3,277.47,2024-10-12
2357,1158,product_23,5,242.1,2024-04-24
2358,1158,product_59,9,404.7,2024-05-02
2359,1159,product_27,2,340.52,2024-08-20
2360,1159,product_39,8,73.47,2024-09-05
2361,1159,product_59,2,66.23,2024-01-26
2362,1159,product_20,4,288.76,2024-06-18
2363,1160,product_36,2,245.96,2024-11-24
2364,1160,product_56,6,117.92,2024-09-15
2365,1163,product_21,6,228.33,2024-07-27
2366,1164,product_39,1,143.8,2024-02-19
2367,1164,product_47,4,374.38,2024-10-16
2368,1165,product_51,4,241.49,2024-04-06
2369,1166,product_11,9,311.4,2024-10-25
2370,1170,product_44,9,442.67,2024-11-20
2371,1170,product_49,1,379.69,2024-02-25
2372,1170,product_32,4,173.38,2024-10-17
2373,1171,product_23,4,496.37,2024-09-02
2374,1171,product_3,9,221.46,2024-03-26
2375,1171,product_1,2,320.4,2024-12-16
2376,1172,product_15,4,335.96,2024-08-02
2377,1172,product_22,4,366.09,2024-04-05
2378,1174,product_33,1,455.26,2024-03-26
2379,1174,product_34,7,197.87,2024-04-02
2380,1174,product_6,5,376.72,2024-07-15
2381,1176,product_12,8,230.88,2024-09-07
2382,1176,product_16,4,293.97,2024-12-26
2383,1176,product_8,3,252.43,2024-04-28
2384,1177,product_26,5,165.0,2024-03-25
2385,1177,product_41,6,35.07,2024-12-22
2386,1177,product_55,2,280.22,2024-01-22
2387,1177,product_27,7,448.06,2024-04-13
2388,1178,product_21,7,121.85,2024-01-07
2389,1178,product_42,8,399.83,2024-03-13
2390,1178,product_3,2,175.3,2024-12-13
2391,1179,product_39,3,68.75,2024-02-17
2392,1179,product_19,4,54.76,2024-02-04
2393,1179,product_15,8,449.14,2024-09-01
2394,1179,product_4,2,421.1,2024-09-01
2395,1181,product_44,3,31.69,2024-03-17
2396,1182,product_55,6,255.44,2024-01-17
2397,1182,product_43,6,479.87,2024-11-27
2398,1183,product_16,2,341.32,2024-12-22
2399,1183,product_13,3,154.98,2024-04-07
2400,1185,product_60,4,143.82,2024-11-05
2401,1185,product_12,2,333.32,2024-12-17
2402,1185,product_44,7,376.38,2024-01-20
2403,1185,product_30,3,460.48,2024-01-07
2404,1186,product_22,1,407.01,2024-12-15
2405,1186,product_2,2,29.4,2024-01-20
2406,1186,product_58,4,223.23,2024-11-09
2407,1186,product_37,3,187.68,2024-02-07
2408,1187,product_25,3,280.15,2024-02-14
2409,1187,product_53,9,232.45,2024-01-11
2410,1187,product_47,5,284.44,2024-12-01
2411,1187,product_10,5,197.59,2024-09-17
2412,1188,product_59,7,47.21,2024-05-14
2413,1188,product_28,6,367.46,2024-12-15
2414,1188,product_10,7,495.25,2024-11-10
2415,1189,product_7,7,241.67,2024-07-07
2416,1189,product_35,3,19.67,2024-04-03
2417,1189,product_2,1,236.51,2024-12-03
2418,1189,product_46,8,487.26,2024-11-24
2419,1190,product_30,5,100.09,2024-02-14
2420,1190,product_33,5,322.32,2024-09-27
2421,1190,product_55,6,427.51,2024-01-02
2422,1191,product_16,1,428.93,2024-09-17
2423,1191,product_50,8,421.22,2024-11-28
2424,1193,product_16,8,301.93,2024-05-18
2425,1193,product_41,5,40.87,2024-12-24
2426,1194,product_45,9,356.74,2024-03-10
2427,1194,product_9,2,113.94,2024-08-10
2428,1194,product_17,4,90.03,2024-10-27
2429,1194,product_48,9,403.01,2024-05-14
2430,1195,product_26,7,139.79,2024-08-14
2431,1195,product_4,9,476.9,2024-08-07
2432,1195,product_16,6,200.76,2024-04-12
2433,1195,product_27,4,452.9,2024-01-08
2434,1196,product_56,7,227.95,2024-04-16
2435,1196,product_38,2,47.26,2024-09-13
2436,1196,product_11,3,255.29,2024-09-26
2437,1196,product_4,3,473.09,2024-08-07
2438,1197,product_25,7,450.05,2024-06-05
2439,1197,product_54,6,485.09,2024-01-07
2440,1197,product_25,4,443.37,2024-02-02
2441,1198,product_24,8,287.4,2024-08-28
2442,1198,product_33,2,478.71,2024-09-22
2443,1198,product_6,5,262.91,2024-03-17
2444,1203,product_32,5,101.49,2024-03-03
2445,1204,product_17,7,335.65,2024-08-12
2446,1204,product_54,8,273.2,2024-01-05
2447,1204,product_32,9,5.02,2024-08-11
2448,1205,product_55,3,455.43,2024-08-09
2449,1205,product_3,9,27.86,2024-10-02
2450,1206,product_46,7,459.4,2024-10-27
2451,1206,product_47,6,353.39,2024-12-19
2452,1206,product_40,6,319.47,2024-02-13
2453,1207,product_46,7,342.03,2024-06-17
2454,1207,product_22,7,131.19,2024-09-11
2455,1208,product_52,6,294.5,2024-05-26
2456,1208,product_39,6,121.84,2024-07-03
2457,1208,product_8,9,423.1,2024-03-27
2458,1208,product_29,7,19.1,2024-08-22
2459,1209,product_32,2,193.57,2024-08-20
2460,1211,product_48,9,481.13,2024-05-05
2461,1211,product_38,6,427.31,2024-11-03
2462,1211,product_54,7,245.16,2024-04-02
2463,1211,product_15,2,377.48,2024-05-06
2464,1213,product_56,8,92.26,2024-12-12
2465,1214,product_5,7,396.67,2024-01-24
2466,1214,product_57,3,466.13,2024-12-09
2467,1214,product_17,2,113.5,2024-09-02
2468,1215,product_33,6,127.16,2024-09-04
2469,1216,product_38,8,139.59,2024-11-01
2470,1216,product_44,7,454.34,2024-01-18
2471,1216,product_46,1,145.29,2024-05-14
2472,1216,product_59,2,79.9,2024-08-14
2473,1217,product_17,2,343.79,2024-06-17
2474,1217,product_43,6,170.61,2024-02-11
2475,1217,product_58,8,251.58,2024-02-10
2476,1218,product_22,8,393.35,2024-06-11
2477,1218,product_33,1,403.46,2024-12-20
2478,1218,product_48,9,211.2,2024-11-28
2479,1219,product_3,2,274.04,2024-01-13
2480,1220,product_59,7,44.54,2024-05-08
2481,1221,product_8,4,130.93,2024-01-11
2482,1221,product_8,3,248.94,2024-06-16
2483,1222,product_25,7,457.16,2024-06-25
2484,1223,product_4,3,242.57,2024-08-19
2485,1223,product_45,5,413.65,2024-11-03
2486,1223,product_2,4,307.07,2024-05-22
2487,1223,product_25,7,55.3,2024-01-05
2488,1224,product_17,1,137.0,2024-10-15
2489,1224,product_59,2,67.97,2024-12-28
2490,1224,product_30,9,236.42,2024-03-11
2491,1225,product_9,1,346.87,2024-11-21
2492,1226,product_37,3,319.17,2024-12-01
2493,1226,product_1,1,392.79,2024-11-17
2494,1226,product_48,5,46.25,2024-05-26
2495,1226,product_43,5,67.22,2024-09-09
2496,1227,product_47,4,23.52,2024-10-15
2497,1227,product_23,5,434.66,2024-02-20
2498,1227,product_13,3,260.43,2024-08-20
2499,1227,product_50,9,281.32,2024-08-07
2500,1229,product_57,2,249.34,2024-12-14
2501,1230,product_4,3,64.0,2024-07-20
2502,1230,product_20,6,441.48,2024-02-24
2503,1230,product_60,3,103.67,2024-05-10
2504,1231,product_23,5,394.52,2024-04-10
2505,1231,product_60,9,169.71,2024-10-21
2506,1232,product_3,1,361.89,2024-01-20
2507,1233,product_1,5,12.38,2024-12-09
2508,1233,product_18,8,455.32,2024-08-18
2509,1233,product_2,6,192.4,2024-02-19
2510,1234,product_19,8,454.59,2024-04-25
2511,1234,product_12,7,447.24,2024-03-15
2512,1234,product_36,8,218.49,2024-06-15
2513,1235,product_4,6,452.21,2024-03-14
2514,1235,product_40,4,436.99,2024-09-01
2515,1236,product_43,7,6.39,2024-06-09
2516,1236,product_39,8,90.21,2024-08-27
2517,1237,product_37,5,38.95,2024-07-12
2518,1237,product_52,3,328.01,2024-11-16
2519,1237,product_14,6,197.19,2024-07-25
2520,1237,product_11,8,74.77,2024-08-02
2521,1238,product_16,9,306.66,2024-01-06
2522,1238,product_33,4,108.15,2024-02-22
2523,1239,product_35,4,415.17,2024-03-07
2524,1240,product_34,9,69.22,2024-12-18
2525,1241,product_4,8,307.7,2024-03-28
2526,1241,product_3,1,478.51,2024-09-13
2527,1242,product_45,9,72.76,2024-11-17
2528,1243,product_33,2,51.45,2024-11-22
2529,1244,product_18,7,80.15,2024-03-02
2530,1245,product_37,7,359.59,2024-11-14
2531,1245,product_14,3,355.57,2024-10-05
2532,1246,product_27,2,458.16,2024-05-02
2533,1246,product_16,8,144.1,2024-02-12
2534,1246,product_42,3,49.78,2024-04-23
2535,1247,product_30,2,147.08,2024-09-15
2536,1247,product_43,1,159.74,2024-06-28
2537,1248,product_4,9,196.4,2024-03-06
2538,1248,product_45,8,183.29,2024-10-27
2539,1249,product_19,6,167.32,2024-07-15
2540,1249,product_57,5,77.32,2024-12-21
2541,1249,product_54,4,81.29,2024-01-07
2542,1250,product_58,3,336.86,2024-02-07
2543,1250,product_11,3,111.96,2024-09-13
2544,1251,product_18,7,297.54,2024-09-22
2545,1252,product_5,7,364.47,2024-05-08
2546,1252,product_13,3,128.26,2024-04-09
2547,1252,product_59,8,109.88,2024-05-26
2548,1252,product_16,2,103.29,2024-01-28
2549,1253,product_39,7,315.77,2024-05-25
2550,1253,product_58,1,258.11,2024-02-23
2551,1253,product_21,4,152.4,2024-06-24
2552,1255,product_24,8,108.03,2024-06-13
2553,1256,product_47,6,188.38,2024-08-11
2554,1256,product_53,1,361.41,2024-05-24
2555,1256,product_47,7,346.68,2024-01-03
2556,1257,product_51,6,145.7,2024-09-24
2557,1257,product_9,1,312.06,2024-03-21
2558,1257,product_17,8,67.79,2024-12-27
2559,1257,product_59,6,15.83,2024-08-22
2560,1258,product_56,2,132.13,2024-03-05
2561,1258,product_60,6,437.79,2024-10-03
2562,1259,product_1,6,216.04,2024-03-02
2563,1261,product_44,1,253.17,2024-12-07
2564,1261,product_31,3,191.48,2024-06-21
2565,1261,product_30,9,203.17,2024-05-11
2566,1262,product_35,1,447.62,2024-10-07
2567,1262,product_28,9,116.8,2024-12-19
2568,1263,product_32,7,475.6,2024-06-22
2569,1263,product_55,3,107.56,2024-03-18
2570,1264,product_48,4,358.03,2024-12-11
2571,1264,product_26,4,65.96,2024-04-23
2572,1264,product_40,4,444.59,2024-10-07
2573,1264,product_2,3,341.68,2024-08-20
2574,1265,product_33,9,28.35,2024-09-05
2575,1265,product_1,5,384.89,2024-04-28
2576,1266,product_1,3,399.53,2024-06-12
2577,1266,product_53,3,318.62,2024-03-14
2578,1266,product_21,6,279.64,2024-06-19
2579,1267,product_31,8,343.19,2024-07-10
2580,1267,product_31,3,123.18,2024-06-24
2581,1268,product_30,4,494.45,2024-02-24
2582,1268,product_8,2,164.86,2024-07-05
2583,1268,product_7,7,209.36,2024-08-11
2584,1270,product_11,7,425.19,2024-08-22
2585,1270,product_5,6,102.77,2024-06-24
2586,1271,product_44,9,85.52,2024-04-03
2587,1271,product_56,9,242.13,2024-06-11
2588,1271,product_21,5,428.48,2024-01-12
2589,1272,product_56,5,135.18,2024-05-17
2590,1272,product_23,9,221.07,2024-09-09
2591,1272,product_6,1,35.92,2024-07-19
2592,1272,product_42,3,309.56,2024-04-25
2593,1273,product_12,4,10.44,2024-06-12
2594,1273,product_56,9,346.2,2024-02-04
2595,1273,product_56,9,77.56,2024-04-12
2596,1273,product_55,3,401.49,2024-11-04
2597,1274,product_19,6,317.53,2024-12-28
2598,1275,product_17,7,494.97,2024-01-18
2599,1276,product_42,5,308.57,2024-11-26
2600,1276,product_18,5,77.36,2024-03-24
2601,1276,product_53,6,456.62,2024-05-08
2602,1278,product_21,3,198.13,2024-01-02
2603,1278,product_12,3,396.87,2024-11-22
2604,1278,product_11,3,171.12,2024-08-20
2605,1278,product_45,7,290.62,2024-01-28
2606,1279,product_14,7,256.13,2024-05-23
2607,1280,product_43,9,237.51,2024-05-05
2608,1280,product_21,2,307.48,2024-11-20
2609,1280,product_33,9,388.61,2024-03-08
2610,1280,product_12,2,375.9,2024-12-23
2611,1281,product_56,1,236.25,2024-10-05
2612,1281,product_6,6,101.47,2024-03-10
2613,1281,product_57,2,228.17,2024-10-26
2614,1282,product_33,6,306.22,2024-04-14
2615,1282,product_58,3,348.32,2024-11-03
2616,1282,product_15,5,314.8,2024-10-01
2617,1283,product_46,7,222.19,2024-06-24
2618,1283,product_37,4,17.61,2024-09-27
2619,1283,product_22,1,129.55,2024-07-27
2620,1284,product_58,6,443.27,2024-02-05
2621,1285,product_8,3,93.42,2024-07-06
2622,1285,product_30,9,228.02,2024-05-03
2623,1286,product_25,1,294.67,2024-12-01
2624,1286,product_42,8,459.39,2024-03-24
2625,1286,product_26,6,292.07,2024-10-26
2626,1287,product_49,8,452.3,2024-05-02
2627,1287,product_10,4,491.73,2024-10-06
2628,1288,product_9,3,37.37,2024-12-19
2629,1288,product_46,9,433.82,2024-01-25
2630,1289,product_15,9,439.85,2024-02-01
2631,1289,product_42,1,269.75,2024-05-02
2632,1289,product_11,9,394.0,2024-06-17
2633,1289,product_58,6,395.16,2024-02-27
2634,1290,product_3,4,492.22,2024-05-17
2635,1290,product_6,8,203.71,2024-09-12
2636,1292,product_14,5,375.37,2024-03-25
2637,1295,product_17,1,292.79,2024-01-10
2638,1295,product_12,9,369.52,2024-03-10
2639,1295,product_3,5,349.23,2024-11-17
2640,1296,product_1,7,36.17,2024-06-03
2641,1297,product_4,9,357.86,2024-03-24
2642,1297,product_19,1,391.11,2024-05-07
2643,1297,product_13,4,346.61,2024-11-23
2644,1298,product_41,4,316.01,2024-06-03
2645,1298,product_60,8,56.7,2024-01-14
2646,1298,product_36,7,277.85,2024-01-18
2647,1299,product_43,7,433.44,2024-03-16
2648,1300,product_57,4,42.27,2024-02-17
2649,1301,product_28,3,419.21,2024-12-01
2650,1301,product_54,6,491.25,2024-10-17
2651,1302,product_24,9,219.75,2024-10-16
2652,1302,product_50,8,293.9,2024-02-16
2653,1302,product_10,4,52.01,2024-01-11
2654,1302,product_21,6,134.97,2024-04-14
2655,1304,product_18,7,465.9,2024-09-28
2656,1304,product_23,8,62.45,2024-07-17
2657,1304,product_45,2,288.91,2024-03-20
2658,1304,product_22,3,163.13,2024-11-19
2659,1305,product_11,2,286.61,2024-03-05
2660,1306,product_31,3,244.77,2024-10-04
2661,1306,product_50,4,192.37,2024-03-26
2662,1306,product_7,6,304.6,2024-04-25
2663,1306,product_57,5,496.45,2024-09-26
2664,1307,product_32,1,48.6,2024-02-20
2665,1308,product_40,4,162.53,2024-08-19
2666,1308,product_25,2,209.87,2024-08-04
2667,1308,product_11,4,316.06,2024-01-21
2668,1310,product_18,4,467.94,2024-07-12
2669,1312,product_34,2,209.0,2024-10-17
2670,1312,product_37,9,480.23,2024-06-01
2671,1312,product_45,3,377.42,2024-11-10
2672,1312,product_9,1,207.28,2024-10-14
2673,1313,product_21,3,173.37,2024-03-14
2674,1313,product_16,4,43.82,2024-02-16
2675,1313,product_9,8,225.45,2024-02-20
2676,1313,product_45,2,183.43,2024-08-07
2677,1314,product_30,4,130.66,2024-11-22
2678,1314,product_33,9,246.24,2024-02-06
2679,1316,product_54,8,162.48,2024-01-06
2680,1317,product_33,6,438.84,2024-10-09
2681,1318,product_58,1,446.02,2024-03-21
2682,1318,product_1,5,140.61,2024-01-22
2683,1319,product_53,5,262.85,2024-10-22
2684,1319,product_57,5,75.31,2024-02-21
2685,1320,product_28,7,93.82,2024-04-17
2686,1320,product_60,8,199.64,2024-06-07
2687,1320,product_32,7,107.56,2024-04-11
2688,1321,product_15,2,232.65,2024-11-17
2689,1322,product_35,4,247.42,2024-01-01
2690,1322,product_43,3,75.08,2024-05-15
2691,1322,product_42,2,436.54,2024-08-19
2692,1324,product_25,5,224.94,2024-03-24
2693,1324,product_58,2,264.27,2024-11-12
2694,1324,product_18,7,177.2,2024-02-09
2695,1324,product_3,6,337.71,2024-11-12
2696,1325,product_20,5,39.97,2024-11-26
2697,1326,product_14,7,203.36,2024-06-13
2698,1326,product_37,1,386.14,2024-01-24
2699,1326,product_52,8,461.2,2024-10-18
2700,1328,product_20,5,199.14,2024-04-02
2701,1328,product_4,5,13.42,2024-09-24
2702,1328,product_32,3,328.16,2024-05-06
2703,1329,product_10,4,192.79,2024-04-10
2704,1329,product_25,2,294.97,2024-10-24
2705,1329,product_10,9,36.35,2024-03-05
2706,1329,product_38,5,426.55,2024-08-26
2707,1330,product_25,3,349.5,2024-09-05
2708,1331,product_19,3,166.55,2024-11-19
2709,1331,product_33,1,147.22,2024-10-19
2710,1332,product_9,9,148.94,2024-04-02
2711,1332,product_9,9,373.18,2024-05-13
2712,1332,product_60,9,75.18,2024-01-05
2713,1332,product_23,3,457.65,2024-06-11
2714,1333,product_55,2,378.17,2024-04-17
2715,1334,product_57,2,181.64,2024-07-02
2716,1335,product_43,5,345.92,2024-06-22
2717,1335,product_21,1,240.01,2024-08-07
2718,1336,product_46,7,166.15,2024-05-23
2719,1336,product_52,7,94.18,2024-04-28
2720,1336,product_58,5,305.4,2024-02-02
2721,1336,product_47,4,316.87,2024-11-27
2722,1337,product_28,7,464.73,2024-07-26
2723,1337,product_23,5,146.6,2024-07-21
2724,1338,product_54,7,337.89,2024-04-22
2725,1338,product_10,3,381.79,2024-07-01
2726,1340,product_50,4,319.01,2024-01-17
2727,1340,product_21,7,18.5,2024-03-25
2728,1341,product_42,2,100.98,2024-04-25
2729,1341,product_56,8,124.76,2024-06-23
2730,1341,product_4,5,94.01,2024-03-11
2731,1341,product_25,9,471.34,2024-02-16
2732,1342,product_52,8,9.72,2024-01-04
2733,1342,product_54,2,435.21,2024-01-28
2734,1342,product_41,7,260.76,2024-09-03
2735,1345,product_7,3,421.61,2024-11-08
2736,1347,product_21,2,173.14,2024-10-13
2737,1348,product_16,7,387.53,2024-01-13
2738,1348,product_6,3,473.87,2024-10-16
2739,1348,product_15,9,400.9,2024-04-11
2740,1348,product_24,2,350.15,2024-11-27
2741,1349,product_11,8,77.44,2024-01-16
2742,1349,product_29,5,371.39,2024-10-06
2743,1349,product_38,2,170.14,2024-09-22
2744,1349,product_55,1,371.07,2024-05-05
2745,1350,product_55,8,362.63,2024-06-22
2746,1352,product_54,9,242.48,2024-02-17
2747,1352,product_41,9,148.7,2024-04-24
2748,1352,product_51,6,65.75,2024-12-22
2749,1352,product_53,2,231.28,2024-06-25
2750,1353,product_15,2,9.3,2024-08-15
2751,1353,product_49,9,428.23,2024-05-21
2752,1353,product_12,3,268.11,2024-05-16
2753,1353,product_58,9,414.18,2024-08-21
2754,1354,product_35,8,386.19,2024-01-21
2755,1354,product_26,1,350.18,2024-11-25
2756,1354,product_25,7,135.15,2024-03-03
2757,1354,product_13,2,443.44,2024-01-08
2758,1355,product_15,8,145.06,2024-02-17
2759,1356,product_12,7,81.21,2024-12-03
2760,1357,product_52,7,287.03,2024-02-21
2761,1357,product_36,4,343.36,2024-07-12
2762,1357,product_53,3,209.73,2024-06-08
2763,1358,product_54,8,327.0,2024-10-16
2764,1358,product_16,9,209.04,2024-12-25
2765,1359,product_41,4,39.36,2024-07-07
2766,1360,product_37,1,431.49,2024-12-16
2767,1360,product_20,9,342.22,2024-01-09
2768,1361,product_6,3,389.97,2024-07-28
2769,1361,product_45,1,199.11,2024-07-03
2770,1361,product_17,8,478.14,2024-08-12
2771,1361,product_18,5,111.38,2024-03-23
2772,1362,product_48,7,228.56,2024-01-18
2773,1363,product_43,7,122.3,2024-07-20
2774,1363,product_44,7,175.31,2024-08-08
2775,1363,product_14,4,393.37,2024-02-22
2776,1364,product_36,7,437.79,2024-09-15
2777,1366,product_48,3,401.72,2024-05-03
2778,1366,product_16,7,496.31,2024-01-23
2779,1366,product_37,9,68.27,2024-03-11
2780,1366,product_17,5,402.75,2024-09-16
2781,1367,product_56,3,108.51,2024-07-25
2782,1367,product_1,8,11.03,2024-01-08
2783,1367,product_46,4,404.56,2024-01-12
2784,1367,product_25,5,220.83,2024-08-08
2785,1369,product_58,6,163.63,2024-09-10
2786,1369,product_28,3,372.94,2024-12-07
2787,1370,product_37,9,477.33,2024-04-11
2788,1370,product_8,1,170.71,2024-08-12
2789,1370,product_57,9,424.6,2024-11-02
2790,1370,product_27,3,34.72,2024-08-08
2791,1371,product_52,2,398.66,2024-12-15
2792,1371,product_4,3,287.01,2024-03-02
2793,1371,product_43,8,396.27,2024-02-23
2794,1372,product_41,2,405.37,2024-02-22
2795,1372,product_28,5,85.18,2024-12-26
2796,1372,product_26,7,19.42,2024-05-19
2797,1372,product_45,6,221.12,2024-06-15
2798,1374,product_37,4,6.49,2024-04-16
2799,1374,product_52,5,136.65,2024-10-09
2800,1375,product_12,2,61.03,2024-04-21
2801,1376,product_19,2,203.4,2024-01-19
2802,1376,product_3,8,420.67,2024-10-04
2803,1376,product_57,3,434.62,2024-08-09
2804,1376,product_27,6,150.19,2024-05-23
2805,1378,product_24,5,397.62,2024-06-09
2806,1378,product_52,7,148.26,2024-05-17
2807,1378,product_16,2,260.28,2024-05-25
2808,1378,product_7,3,155.42,2024-01-22
2809,1379,product_51,8,492.3,2024-12-02
2810,1379,product_35,3,377.89,2024-02-19
2811,1379,product_49,9,452.91,2024-11-24
2812,1379,product_4,7,274.8,2024-01-27
2813,1380,product_9,5,163.06,2024-06-10
2814,1380,product_49,4,80.49,2024-08-06
2815,1380,product_60,3,216.65,2024-10-24
2816,1381,product_18,8,357.68,2024-01-13
2817,1381,product_31,2,95.3,2024-04-19
2818,1382,product_29,3,214.78,2024-03-11
2819,1382,product_26,7,221.41,2024-08-06
2820,1383,product_59,2,404.33,2024-07-17
2821,1384,product_27,4,97.89,2024-02-04
2822,1384,product_60,3,286.26,2024-12-14
2823,1385,product_17,2,90.01,2024-03-23
2824,1385,product_2,9,311.23,2024-12-10
2825,1386,product_35,7,346.25,2024-06-20
2826,1387,product_60,3,88.93,2024-09-02
2827,1388,product_24,1,33.46,2024-11-08
2828,1388,product_52,3,142.72,2024-04-05
2829,1388,product_6,8,272.85,2024-06-22
2830,1389,product_46,3,6.77,2024-05-15
2831,1390,product_48,5,129.5,2024-09-21
2832,1390,product_33,6,317.56,2024-04-28
2833,1390,product_59,5,375.43,2024-11-08
2834,1391,product_17,9,55.67,2024-10-14
2835,1391,product_13,6,455.74,2024-09-16
2836,1391,product_20,3,356.84,2024-10-03
2837,1392,product_21,5,6.17,2024-08-15
2838,1393,product_55,8,165.62,2024-11-17
2839,1394,product_32,2,226.96,2024-06-24
2840,1394,product_58,5,301.46,2024-12-23
2841,1394,product_18,3,223.4,2024-10-27
2842,1394,product_51,4,36.89,2024-12-20
2843,1395,product_7,1,71.67,2024-03-09
2844,1395,product_15,7,35.36,2024-03-16
2845,1395,product_52,5,285.28,2024-12-04
2846,1396,product_7,2,311.97,2024-07-11
2847,1396,product_54,9,30.39,2024-08-20
2848,1396,product_35,7,448.59,2024-02-02
2849,1397,product_36,6,381.9,2024-05-05
2850,1397,product_24,4,169.16,2024-02-12
2851,1397,product_9,6,85.94,2024-07-16
2852,1397,product_24,5,88.07,2024-09-22
2853,1398,product_18,6,293.75,2024-07-13
2854,1401,product_33,7,83.9,2024-08-11
2855,1401,product_34,1,378.35,2024-08-24
2856,1401,product_21,4,105.32,2024-05-25
2857,1402,product_50,2,99.06,2024-01-05
2858,1402,product_9,1,221.51,2024-01-13
2859,1403,product_52,3,6.54,2024-08-03
2860,1403,product_12,1,318.43,2024-09-22
2861,1403,product_21,1,66.14,2024-02-05
2862,1403,product_52,9,154.58,2024-05-16
2863,1404,product_3,6,412.52,2024-10-09
2864,1404,product_31,9,452.62,2024-01-08
2865,1404,product_25,3,113.68,2024-07-07
2866,1404,product_59,9,262.41,2024-04-16
2867,1405,product_8,5,459.58,2024-07-08
2868,1406,product_54,7,348.19,2024-02-26
2869,1407,product_32,7,384.16,2024-07-24
2870,1408,product_24,9,325.46,2024-05-14
2871,1409,product_59,8,188.51,2024-10-26
2872,1411,product_12,8,250.34,2024-10-26
2873,1411,product_4,1,374.76,2024-01-08
2874,1412,product_27,3,139.53,2024-01-18
2875,1412,product_8,4,95.04,2024-10-15
2876,1412,product_10,9,35.31,2024-06-26
2877,1413,product_10,6,135.68,2024-12-02
2878,1413,product_48,9,436.54,2024-11-02
2879,1413,product_46,8,84.21,2024-04-14
2880,1413,product_11,7,268.47,2024-07-15
2881,1414,product_51,9,198.31,2024-03-18
2882,1415,product_9,7,420.41,2024-08-09
2883,1416,product_51,8,126.12,2024-03-02
2884,1416,product_22,3,102.82,2024-10-14
2885,1416,product_10,4,345.12,2024-01-24
2886,1417,product_16,8,112.66,2024-06-21
2887,1418,product_18,6,68.87,2024-12-26
2888,1419,product_30,4,83.19,2024-02-11
2889,1419,product_25,4,142.06,2024-02-07
2890,1420,product_31,9,57.8,2024-12-24
2891,1420,product_50,7,386.93,2024-07-26
2892,1421,product_38,3,126.0,2024-08-25
2893,1421,product_21,4,123.15,2024-02-14
2894,1422,product_27,5,58.76,2024-05-13
2895,1423,product_42,1,242.82,2024-04-17
2896,1423,product_48,4,493.22,2024-01-16
2897,1424,product_57,7,343.55,2024-07-24
2898,1424,product_24,8,388.72,2024-05-06
2899,1425,product_42,2,34.93,2024-06-22
2900,1426,product_48,4,470.76,2024-09-14
2901,1426,product_5,6,298.05,2024-11-06
2902,1426,product_43,7,18.95,2024-11-25
2903,1426,product_28,4,472.15,2024-11-07
2904,1428,product_48,6,117.33,2024-01-01
2905,1428,product_25,5,35.44,2024-09-12
2906,1428,product_14,8,437.37,2024-11-05
2907,1429,product_56,8,495.49,2024-10-27
2908,1430,product_21,7,73.79,2024-11-27
2909,1431,product_33,2,39.59,2024-04-17
2910,1431,product_55,2,280.33,2024-12-17
2911,1432,product_54,6,203.3,2024-05-21
2912,1432,product_22,3,395.26,2024-08-28
2913,1433,product_34,5,59.81,2024-04-04
2914,1434,product_7,3,258.12,2024-09-11
2915,1434,product_49,7,434.71,2024-09-13
2916,1434,product_57,4,246.93,2024-01-06
2917,1434,product_42,7,153.68,2024-02-21
2918,1435,product_57,8,110.36,2024-03-13
2919,1435,product_32,9,113.98,2024-10-07
2920,1435,product_3,4,127.32,2024-07-05
2921,1435,product_43,2,406.27,2024-11-16
2922,1438,product_16,2,111.37,2024-10-27
2923,1438,product_9,3,417.8,2024-09-07
2924,1439,product_28,6,381.15,2024-08-22
2925,1439,product_12,1,493.26,2024-08-26
2926,1439,product_32,5,321.3,2024-02-19
2927,1440,product_43,9,73.36,2024-02-10
2928,1441,product_41,1,196.65,2024-06-18
2929,1441,product_43,5,425.17,2024-07-25
2930,1442,product_36,9,203.07,2024-09-22
2931,1442,product_47,4,223.23,2024-06-22
2932,1444,product_6,2,64.57,2024-07-26
2933,1444,product_18,3,467.0,2024-11-13
2934,1444,product_57,2,60.35,2024-03-17
2935,1444,product_59,7,62.86,2024-05-24
2936,1445,product_49,3,35.75,2024-01-20
2937,1445,product_38,7,267.83,2024-03-22
2938,1445,product_28,6,172.79,2024-10-14
2939,1445,product_24,4,183.13,2024-05-20
2940,1446,product_37,5,202.21,2024-09-27
2941,1446,product_3,5,434.78,2024-03-13
2942,1446,product_33,7,81.23,2024-01-03
2943,1448,product_28,8,482.42,2024-11-23
2944,1448,product_18,9,364.83,2024-09-11
2945,1448,product_18,3,15.23,2024-05-08
2946,1449,product_28,6,395.35,2024-04-18
2947,1449,product_27,2,488.48,2024-03-12
2948,1451,product_14,8,278.0,2024-10-01
2949,1451,product_33,6,379.31,2024-04-23
2950,1451,product_5,5,21.08,2024-07-20
2951,1451,product_47,2,389.13,2024-12-11
2952,1452,product_45,7,63.57,2024-03-24
2953,1452,product_12,8,271.82,2024-04-10
2954,1452,product_7,2,149.3,2024-12-21
2955,1452,product_41,5,288.17,2024-08-25
2956,1453,product_50,7,204.49,2024-11-02
2957,1453,product_43,1,169.81,2024-05-16
2958,1453,product_44,5,416.11,2024-01-06
2959,1454,product_4,6,347.42,2024-03-09
2960,1454,product_23,8,224.42,2024-12-21
2961,1454,product_44,1,64.0,2024-09-07
2962,1454,product_7,3,264.99,2024-12-27
2963,1456,product_48,1,333.04,2024-12-04
2964,1456,product_3,2,201.37,2024-07-02
2965,1456,product_59,7,334.2,2024-08-17
2966,1457,product_41,3,84.93,2024-09-16
2967,1457,product_56,4,157.94,2024-11-09
2968,1457,product_51,6,58.98,2024-08-02
2969,1457,product_19,1,256.15,2024-01-12
2970,1459,product_19,6,16.55,2024-02-10
2971,1462,product_27,6,279.65,2024-01-27
2972,1462,product_51,3,304.24,2024-04-23
2973,1463,product_53,3,85.03,2024-01-13
2974,1464,product_46,2,173.33,2024-02-25
2975,1466,product_32,8,75.99,2024-03-13
2976,1467,product_53,5,134.58,2024-04-13
2977,1468,product_42,6,300.01,2024-03-05
2978,1469,product_23,3,173.0,2024-06-28
2979,1469,product_22,3,192.34,2024-08-16
2980,1469,product_39,8,205.61,2024-05-26
2981,1470,product_13,1,339.95,2024-03-15
2982,1470,product_5,6,295.09,2024-07-21
2983,1470,product_43,3,188.21,2024-12-10
2984,1471,product_28,1,482.82,2024-04-04
2985,1471,product_38,2,162.35,2024-12-22
2986,1471,product_1,1,266.49,2024-12-25
2987,1472,product_47,8,422.1,2024-05-24
2988,1473,product_39,3,422.78,2024-10-11
2989,1474,product_38,4,125.32,2024-03-28
2990,1474,product_53,8,286.47,2024-07-13
2991,1474,product_46,2,304.01,2024-04-24
2992,1475,product_12,1,59.18,2024-10-09
2993,1475,product_32,8,63.18,2024-05-28
2994,1476,product_26,9,39.23,2024-09-25
2995,1476,product_36,4,100.19,2024-01-19
2996,1476,product_60,1,469.84,2024-08-23
2997,1476,product_47,7,273.9,2024-12-08
2998,1477,product_11,5,457.55,2024-03-08
2999,1477,product_58,2,347.82,2024-08-04
3000,1477,product_10,8,497.92,2024-04-11
3001,1477,product_7,7,339.36,2024-03-18
3002,1478,product_56,2,232.69,2024-02-09
3003,1478,product_43,4,425.26,2024-12-06
3004,1478,product_1,9,230.74,2024-06-28
3005,1479,product_8,6,429.78,2024-08-08
3006,1479,product_49,9,272.13,2024-11-09
3007,1479,product_2,4,69.09,2024-05-18
3008,1479,product_8,7,223.09,2024-04-08
3009,1481,product_38,3,277.15,2024-01-09
3010,1482,product_29,7,21.59,2024-08-01
3011,1482,product_56,5,220.94,2024-11-07
3012,1482,product_17,3,179.23,2024-01-18
3013,1483,product_12,9,87.88,2024-03-18
3014,1485,product_7,1,285.88,2024-12-15
3015,1485,product_38,9,295.73,2024-06-24
3016,1486,product_54,8,298.65,2024-06-04
3017,1486,product_24,6,110.4,2024-10-12
3018,1486,product_55,4,293.64,2024-05-17
3019,1487,product_59,2,362.04,2024-04-11
3020,1487,product_1,7,110.24,2024-09-21
3021,1487,product_50,9,78.85,2024-09-21
3022,1488,product_12,6,80.34,2024-02-25
3023,1488,product_59,1,179.55,2024-08-24
3024,1488,product_19,1,199.91,2024-02-28
3025,1490,product_12,4,254.25,2024-08-04
3026,1490,product_52,6,94.67,2024-08-27
3027,1491,product_46,1,16.35,2024-06-09
3028,1492,product_22,9,46.04,2024-02-04
3029,1492,product_28,9,234.38,2024-09-04
3030,1493,product_30,2,137.75,2024-02-10
3031,1493,product_33,9,181.23,2024-08-20
3032,1493,product_47,4,21.38,2024-12-15
3033,1494,product_56,6,150.24,2024-07-06
3034,1494,product_30,9,445.43,2024-11-21
3035,1494,product_54,9,328.82,2024-12-26
3036,1494,product_1,8,194.54,2024-01-09
3037,1495,product_51,1,240.02,2024-07-18
3038,1496,product_50,6,148.16,2024-06-10
3039,1496,product_41,7,402.65,2024-12-28
3040,1496,product_22,8,241.68,2024-12-18
3041,1497,product_59,8,25.0,2024-11-05
3042,1497,product_12,2,459.17,2024-08-22
3043,1497,product_21,9,376.12,2024-12-14
3044,1499,product_30,1,207.25,2024-01-02
3045,1499,product_43,2,120.58,2024-01-01
3046,1500,product_28,1,24.36,2024-05-08
3047,1500,product_12,7,121.31,2024-09-04
3048,1500,product_34,3,485.59,2024-09-16
3049,1500,product_36,8,139.66,2024-05-14
3050,1501,product_47,6,355.46,2024-04-04
3051,1501,product_35,5,19.04,2024-09-07
3052,1502,product_48,1,176.52,2024-04-17
3053,1502,product_51,7,90.42,2024-02-24
3054,1502,product_50,7,113.41,2024-03-23
3055,1502,product_45,1,252.64,2024-03-04
3056,1505,product_29,6,241.98,2024-12-24
3057,1508,product_37,8,493.04,2024-11-12
3058,1508,product_38,8,315.65,2024-08-19
3059,1508,product_36,3,242.09,2024-10-11
3060,1509,product_23,6,478.19,2024-09-09
3061,1510,product_60,5,83.17,2024-05-07
3062,1510,product_7,4,364.39,2024-10-28
3063,1510,product_19,4,321.28,2024-06-01
3064,1511,product_53,7,43.53,2024-05-11
3065,1511,product_31,2,298.64,2024-10-28
3066,1511,product_19,8,27.81,2024-07-17
3067,1511,product_39,4,50.43,2024-07-02
3068,1512,product_59,3,357.74,2024-06-04
3069,1513,product_45,3,461.7,2024-07-14
3070,1513,product_37,9,390.93,2024-10-21
3071,1513,product_12,4,184.41,2024-04-16
3072,1514,product_59,5,467.9,2024-08-21
3073,1514,product_9,9,101.24,2024-12-13
3074,1515,product_30,4,75.2,2024-11-04
3075,1515,product_37,1,100.14,2024-04-28
3076,1516,product_14,6,396.51,2024-11-12
3077,1516,product_34,9,493.15,2024-06-27
3078,1517,product_55,8,21.39,2024-11-14
3079,1517,product_32,4,388.94,2024-05-11
3080,1518,product_24,1,276.31,2024-09-26
3081,1519,product_42,3,151.16,2024-05-06
3082,1519,product_29,1,245.64,2024-03-17
3083,1519,product_54,1,77.43,2024-11-27
3084,1521,product_37,3,50.57,2024-10-19
3085,1522,product_18,3,212.36,2024-05-19
3086,1522,product_7,3,270.31,2024-02-11
3087,1522,product_14,4,391.1,2024-11-12
3088,1523,product_15,5,393.86,2024-07-09
3089,1524,product_19,3,101.41,2024-01-20
3090,1525,product_4,6,390.26,2024-03-13
3091,1525,product_15,3,417.9,2024-08-03
3092,1525,product_43,6,287.81,2024-04-20
3093,1527,product_9,3,20.91,2024-07-18
3094,1527,product_46,2,218.29,2024-06-17
3095,1527,product_47,1,314.81,2024-08-21
3096,1528,product_6,5,209.35,2024-11-22
3097,1528,product_37,9,330.23,2024-10-12
3098,1529,product_4,8,8.85,2024-11-26
3099,1529,product_53,7,38.62,2024-11-28
3100,1530,product_7,3,346.44,2024-10-11
3101,1530,product_15,4,122.26,2024-04-06
3102,1530,product_29,9,191.71,2024-05-19
3103,1531,product_41,1,165.0,2024-07-12
3104,1532,product_44,9,240.14,2024-12-01
3105,1532,product_58,5,39.81,2024-12-26
3106,1532,product_52,5,457.4,2024-07-03
3107,1533,product_1,9,232.21,2024-09-04
3108,1533,product_26,3,464.26,2024-09-15
3109,1534,product_21,9,236.37,2024-01-06
3110,1535,product_47,4,345.59,2024-10-04
3111,1535,product_12,4,215.51,2024-03-18
3112,1535,product_29,1,22.3,2024-08-23
3113,1535,product_19,9,444.41,2024-03-01
3114,1536,product_42,7,149.35,2024-10-03
3115,1537,product_28,3,143.19,2024-11-09
3116,1538,product_46,6,474.14,2024-09-01
3117,1538,product_31,2,362.46,2024-04-17
3118,1538,product_26,2,408.58,2024-05-18
3119,1538,product_9,2,170.14,2024-10-01
3120,1542,product_54,1,327.99,2024-09-11
3121,1543,product_3,8,134.95,2024-06-09
3122,1543,product_27,5,272.35,2024-03-05
3123,1543,product_51,4,129.62,2024-08-08
3124,1543,product_4,1,445.64,2024-05-03
3125,1544,product_22,7,365.95,2024-01-19
3126,1544,product_34,5,138.56,2024-07-06
3127,1544,product_60,4,111.75,2024-07-15
3128,1544,product_37,6,109.83,2024-04-05
3129,1545,product_6,5,262.02,2024-03-14
3130,1545,product_18,2,375.32,2024-03-13
3131,1545,product_42,7,391.3,2024-06-21
3132,1545,product_10,9,223.23,2024-12-11
3133,1547,product_52,1,360.85,2024-11-23
3134,1547,product_11,6,496.83,2024-06-16
3135,1547,product_17,2,85.27,2024-06-25
3136,1549,product_1,4,48.13,2024-04-26
3137,1550,product_50,6,239.16,2024-05-12
3138,1551,product_59,6,158.28,2024-07-03
3139,1551,product_30,9,130.16,2024-02-21
3140,1551,product_31,1,113.74,2024-02-04
3141,1553,product_41,8,360.09,2024-01-17
3142,1553,product_12,9,33.16,2024-04-13
3143,1553,product_50,6,182.12,2024-05-12
3144,1554,product_47,1,152.69,2024-01-04
3145,1554,product_3,3,136.67,2024-03-22
3146,1555,product_45,3,112.46,2024-06-18
3147,1555,product_16,8,137.74,2024-08-04
3148,1555,product_54,1,453.22,2024-08-16
3149,1555,product_2,3,382.99,2024-01-22
3150,1556,product_34,3,241.68,2024-03-04
3151,1556,product_34,9,232.3,2024-06-25
3152,1557,product_17,3,218.06,2024-11-01
3153,1557,product_7,2,375.49,2024-11-09
3154,1557,product_35,8,384.14,2024-10-17
3155,1557,product_17,3,21.35,2024-06-22
3156,1558,product_15,9,156.32,2024-04-20
3157,1558,product_35,3,105.0,2024-02-12
3158,1558,product_29,7,6.0,2024-12-28
3159,1558,product_28,1,102.77,2024-06-05
3160,1559,product_56,3,12.95,2024-12-11
3161,1559,product_27,7,374.53,2024-07-13
3162,1559,product_48,1,299.54,2024-10-07
3163,1559,product_40,1,90.19,2024-01-09
3164,1560,product_42,8,46.14,2024-02-11
3165,1562,product_46,4,330.68,2024-05-09
3166,1562,product_15,6,75.7,2024-07-16
3167,1563,product_57,1,92.28,2024-03-16
3168,1563,product_60,6,113.7,2024-12-16
3169,1563,product_20,6,106.33,2024-03-12
3170,1563,product_23,8,435.55,2024-11-05
3171,1564,product_40,5,452.78,2024-07-16
3172,1564,product_26,9,186.18,2024-03-03
3173,1566,product_51,6,87.35,2024-10-19
3174,1566,product_7,5,432.23,2024-12-20
3175,1566,product_4,8,133.66,2024-06-02
3176,1566,product_5,2,67.88,2024-04-12
3177,1567,product_57,7,377.29,2024-05-21
3178,1567,product_50,4,130.36,2024-05-10
3179,1567,product_9,7,187.12,2024-10-15
3180,1568,product_28,6,346.77,2024-10-20
3181,1568,product_19,7,479.59,2024-06-14
3182,1569,product_50,8,151.97,2024-05-20
3183,1569,product_5,9,117.52,2024-10-14
3184,1569,product_39,4,296.88,2024-09-20
3185,1569,product_26,9,484.91,2024-12-02
3186,1570,product_13,7,417.11,2024-05-06
3187,1570,product_56,6,226.43,2024-09-25
3188,1570,product_19,5,267.1,2024-03-20
3189,1574,product_13,4,194.08,2024-09-21
3190,1574,product_58,1,304.7,2024-01-16
3191,1575,product_37,7,497.87,2024-11-26
3192,1575,product_41,4,83.18,2024-11-06
3193,1575,product_49,5,242.7,2024-08-08
3194,1575,product_43,8,41.92,2024-10-17
3195,1576,product_39,3,227.95,2024-08-12
3196,1576,product_48,6,82.22,2024-11-17
3197,1576,product_1,1,292.31,2024-05-18
3198,1576,product_9,4,337.71,2024-06-28
3199,1578,product_27,8,82.7,2024-10-14
3200,1578,product_9,9,244.22,2024-10-10
3201,1578,product_37,3,93.73,2024-08-25
3202,1578,product_8,2,429.62,2024-08-11
3203,1579,product_39,1,457.49,2024-01-06
3204,1579,product_5,1,94.19,2024-10-26
3205,1580,product_47,1,316.81,2024-05-02
3206,1581,product_48,5,40.28,2024-03-07
3207,1581,product_17,8,71.22,2024-12-22
3208,1581,product_9,7,311.02,2024-07-09
3209,1582,product_57,3,67.2,2024-05-21
3210,1583,product_25,7,139.87,2024-12-02
3211,1583,product_4,8,28.42,2024-10-02
3212,1584,product_35,1,463.97,2024-09-18
3213,1584,product_9,6,259.94,2024-02-25
3214,1584,product_14,2,123.19,2024-05-15
3215,1584,product_43,2,165.24,2024-10-05
3216,1586,product_4,8,339.11,2024-01-09
3217,1586,product_5,2,172.91,2024-10-27
3218,1587,product_7,1,90.17,2024-09-01
3219,1587,product_33,8,38.03,2024-07-05
3220,1588,product_43,9,68.76,2024-09-20
3221,1588,product_39,2,217.32,2024-01-21
3222,1588,product_28,7,449.71,2024-04-20
3223,1588,product_59,1,37.08,2024-03-20
3224,1589,product_52,6,124.15,2024-12-17
3225,1589,product_5,4,378.15,2024-04-21
3226,1589,product_33,1,260.03,2024-11-13
3227,1589,product_46,1,18.9,2024-12-13
3228,1590,product_13,5,181.39,2024-04-12
3229,1590,product_28,6,451.85,2024-08-10
3230,1590,product_34,9,426.63,2024-10-24
3231,1590,product_52,4,252.5,2024-08-20
3232,1591,product_50,1,212.42,2024-05-26
3233,1591,product_46,8,47.59,2024-06-20
3234,1591,product_34,6,347.17,2024-05-01
3235,1591,product_36,8,419.04,2024-08-01
3236,1592,product_56,1,485.87,2024-02-04
3237,1592,product_41,4,93.94,2024-12-21
3238,1592,product_41,6,388.67,2024-09-09
3239,1592,product_42,6,397.5,2024-11-11
3240,1594,product_31,7,205.93,2024-07-02
3241,1595,product_27,8,70.43,2024-07-20
3242,1596,product_28,3,209.15,2024-01-16
3243,1596,product_46,9,366.43,2024-04-10
3244,1597,product_46,1,418.65,2024-11-19
3245,1597,product_6,2,314.0,2024-09-04
3246,1597,product_52,2,35.76,2024-03-11
3247,1597,product_13,6,258.97,2024-12-08
3248,1599,product_53,1,18.22,2024-06-27
3249,1601,product_35,7,96.98,2024-02-06
3250,1602,product_9,7,278.49,2024-09-14
3251,1602,product_13,4,467.22,2024-10-24
3252,1602,product_30,6,201.14,2024-01-22
3253,1602,product_60,2,459.21,2024-06-06
3254,1603,product_22,1,220.29,2024-10-01
3255,1604,product_43,2,499.4,2024-05-08
3256,1604,product_19,7,480.23,2024-12-17
3257,1604,product_60,7,72.22,2024-12-26
3258,1605,product_58,7,220.85,2024-01-05
3259,1605,product_50,9,293.66,2024-08-22
3260,1605,product_41,2,484.96,2024-12-02
3261,1605,product_31,6,404.18,2024-11-28
3262,1606,product_33,8,104.69,2024-03-21
3263,1606,product_46,8,376.92,2024-12-14
3264,1606,product_37,4,332.31,2024-04-18
3265,1606,product_17,2,131.14,2024-07-18
3266,1607,product_32,1,414.84,2024-07-23
3267,1607,product_32,2,446.97,2024-01-28
3268,1608,product_28,7,6.64,2024-08-03
3269,1608,product_60,3,368.18,2024-07-12
3270,1608,product_5,4,17.05,2024-09-02
3271,1608,product_2,4,20.8,2024-07-04
3272,1609,product_13,9,200.6,2024-01-19
3273,1609,product_53,7,454.97,2024-01-20
3274,1610,product_52,5,314.56,2024-07-23
3275,1610,product_27,1,178.03,2024-08-25
3276,1610,product_27,2,424.89,2024-07-15
3277,1611,product_25,6,366.19,2024-03-18
3278,1611,product_19,1,339.87,2024-06-07
3279,1611,product_40,7,393.69,2024-07-17
3280,1611,product_56,6,198.35,2024-10-21
3281,1612,product_9,7,266.67,2024-01-12
3282,1613,product_33,1,470.12,2024-06-28
3283,1613,product_46,7,340.1,2024-11-01
3284,1613,product_49,3,254.59,2024-09-01
3285,1613,product_40,4,255.72,2024-12-24
3286,1614,product_42,9,154.5,2024-03-23
3287,1614,product_27,7,87.37,2024-03-28
3288,1614,product_41,2,155.2,2024-06-20
3289,1615,product_45,3,436.18,2024-10-01
3290,1616,product_46,1,23.2,2024-11-24
3291,1617,product_24,1,469.21,2024-06-12
3292,1620,product_22,9,33.86,2024-12-02
3293,1620,product_4,6,401.58,2024-06-13
3294,1622,product_19,7,278.79,2024-04-03
3295,1622,product_46,3,387.36,2024-05-09
3296,1623,product_24,2,382.67,2024-09-13
3297,1623,product_3,9,341.38,2024-06-22
3298,1623,product_56,2,58.64,2024-02-12
3299,1623,product_10,2,272.73,2024-04-11
3300,1624,product_11,9,139.39,2024-07-22
3301,1624,product_6,1,489.11,2024-03-04
3302,1624,product_35,3,98.85,2024-02-21
3303,1624,product_12,9,175.43,2024-08-01
3304,1625,product_23,9,73.85,2024-12-05
3305,1626,product_35,2,197.15,2024-04-19
3306,1627,product_2,9,378.45,2024-03-21
3307,1627,product_51,7,318.19,2024-11-09
3308,1629,product_45,2,156.22,2024-04-28
3309,1629,product_44,6,299.38,2024-08-24
3310,1630,product_44,7,455.6,2024-07-04
3311,1630,product_13,9,82.86,2024-05-13
3312,1631,product_4,7,413.45,2024-07-15
3313,1631,product_23,5,280.81,2024-05-17
3314,1632,product_40,9,258.28,2024-10-07
3315,1632,product_33,3,383.56,2024-11-13
3316,1633,product_34,9,243.86,2024-01-21
3317,1633,product_33,9,204.81,2024-09-26
3318,1635,product_30,1,247.05,2024-02-02
3319,1635,product_8,5,334.7,2024-02-03
3320,1636,product_4,2,167.93,2024-05-02
3321,1636,product_5,5,273.31,2024-07-27
3322,1637,product_8,3,194.87,2024-03-02
3323,1637,product_57,4,448.63,2024-12-12
3324,1637,product_8,3,281.35,2024-12-01
3325,1637,product_15,3,226.43,2024-07-10
3326,1639,product_45,1,391.93,2024-05-25
3327,1639,product_18,5,17.84,2024-07-25
3328,1643,product_30,9,48.9,2024-03-08
3329,1643,product_7,6,496.1,2024-04-01
3330,1644,product_36,4,71.8,2024-06-25
3331,1644,product_59,7,328.99,2024-05-28
3332,1645,product_38,9,225.29,2024-04-09
3333,1646,product_18,6,225.18,2024-08-15
3334,1646,product_10,9,331.53,2024-09-27
3335,1646,product_18,2,208.54,2024-05-28
3336,1648,product_13,4,347.89,2024-05-10
3337,1648,product_34,4,486.54,2024-04-09
3338,1648,product_44,6,29.67,2024-10-24
3339,1649,product_58,5,216.73,2024-10-14
3340,1649,product_7,2,83.72,2024-01-01
3341,1649,product_16,5,328.21,2024-10-02
3342,1649,product_6,1,206.86,2024-02-19
3343,1650,product_9,8,233.89,2024-10-26
3344,1650,product_32,4,7.94,2024-08-27
3345,1650,product_51,9,479.27,2024-07-25
3346,1650,product_51,2,154.04,2024-01-19
3347,1651,product_43,1,361.78,2024-11-20
3348,1651,product_4,3,380.18,2024-10-06
3349,1651,product_40,1,301.75,2024-11-07
3350,1651,product_28,5,25.16,2024-04-07
3351,1652,product_22,5,198.77,2024-01-04
3352,1652,product_40,3,84.07,2024-05-20
3353,1652,product_23,7,145.76,2024-08-18
3354,1652,product_18,7,467.71,2024-03-10
3355,1653,product_50,9,449.36,2024-02-11
3356,1653,product_14,5,498.67,2024-12-13
3357,1653,product_10,5,327.35,2024-10-22
3358,1655,product_48,3,369.65,2024-02-22
3359,1656,product_37,4,48.16,2024-09-19
3360,1656,product_6,2,443.57,2024-07-20
3361,1656,product_5,8,296.29,2024-12-11
3362,1658,product_52,9,315.5,2024-08-15
3363,1658,product_5,5,360.13,2024-03-20
3364,1659,product_57,8,58.11,2024-07-02
3365,1659,product_20,3,470.81,2024-10-20
3366,1659,product_53,1,315.26,2024-08-02
3367,1662,product_35,3,46.16,2024-12-16
3368,1663,product_50,2,452.16,2024-07-04
3369,1663,product_15,6,464.11,2024-10-23
3370,1663,product_50,4,268.3,2024-12-10
3371,1663,product_13,5,106.64,2024-07-01
3372,1664,product_41,8,117.6,2024-03-01
3373,1664,product_42,4,322.11,2024-05-14
3374,1665,product_2,6,283.73,2024-04-08
3375,1665,product_24,2,422.49,2024-09-21
3376,1666,product_4,1,302.14,2024-04-02
3377,1666,product_31,6,324.59,2024-02-08
3378,1667,product_5,6,425.01,2024-05-10
3379,1667,product_54,3,361.88,2024-03-17
3380,1667,product_23,9,156.69,2024-08-19
3381,1667,product_24,1,237.07,2024-03-06
3382,1668,product_12,3,432.87,2024-04-15
3383,1668,product_1,1,422.85,2024-04-01
3384,1669,product_35,4,99.03,2024-09-03
3385,1669,product_22,3,449.56,2024-12-23
3386,1669,product_11,3,232.76,2024-06-15
3387,1669,product_10,5,44.37,2024-05-11
3388,1670,product_1,2,290.21,2024-08-07
3389,1670,product_35,8,106.04,2024-12-16
3390,1670,product_8,3,167.56,2024-10-25
3391,1672,product_24,2,195.64,2024-11-08
3392,1672,product_47,6,273.29,2024-02-20
3393,1673,product_52,4,84.59,2024-12-21
3394,1673,product_60,6,153.91,2024-07-25
3395,1673,product_45,4,462.42,2024-11-26
3396,1673,product_40,3,382.77,2024-06-09
3397,1674,product_20,7,446.21,2024-08-20
3398,1676,product_14,6,312.44,2024-05-07
3399,1676,product_32,7,463.81,2024-04-09
3400,1676,product_13,9,450.94,2024-03-10
3401,1676,product_10,9,86.34,2024-04-08
3402,1677,product_57,7,197.23,2024-12-22
3403,1677,product_2,4,323.93,2024-05-08
3404,1678,product_45,6,359.48,2024-09-19
3405,1678,product_4,8,492.66,2024-06-21
3406,1678,product_51,3,269.77,2024-10-24
3407,1679,product_4,5,10.26,2024-08-18
3408,1679,product_6,6,317.11,2024-07-25
3409,1680,product_37,3,21.96,2024-05-27
3410,1680,product_7,7,410.15,2024-09-09
3411,1680,product_10,8,72.78,2024-08-12
3412,1681,product_11,1,339.6,2024-05-11
3413,1681,product_30,6,353.17,2024-12-05
3414,1682,product_6,6,420.22,2024-09-11
3415,1682,product_35,1,179.95,2024-01-20
3416,1682,product_42,3,446.25,2024-05-18
3417,1682,product_59,5,134.74,2024-02-12
3418,1683,product_9,4,156.18,2024-04-19
3419,1683,product_39,6,226.9,2024-05-26
3420,1684,product_14,6,278.13,2024-09-09
3421,1684,product_24,2,201.57,2024-07-27
3422,1684,product_28,9,111.72,2024-07-09
3423,1684,product_37,3,367.74,2024-02-10
3424,1685,product_49,7,129.32,2024-11-22
3425,1685,product_54,2,324.39,2024-03-24
3426,1685,product_52,2,249.36,2024-05-21
3427,1687,product_26,6,256.29,2024-02-11
3428,1687,product_48,9,235.12,2024-08-23
3429,1687,product_21,4,102.74,2024-09-08
3430,1687,product_32,1,323.03,2024-11-04
3431,1689,product_10,1,486.18,2024-12-02
3432,1690,product_9,1,305.29,2024-11-13
3433,1691,product_10,9,123.84,2024-09-20
3434,1691,product_43,9,115.02,2024-04-21
3435,1691,product_3,5,458.46,2024-02-19
3436,1692,product_3,3,126.24,2024-04-05
3437,1692,product_13,7,190.01,2024-07-04
3438,1692,product_42,6,214.21,2024-04-25
3439,1692,product_34,3,184.74,2024-01-27
3440,1694,product_50,9,205.79,2024-07-02
3441,1694,product_42,5,371.1,2024-02-15
3442,1694,product_49,6,361.87,2024-06-04
3443,1696,product_20,1,309.21,2024-10-12
3444,1696,product_58,9,23.32,2024-10-18
3445,1696,product_44,6,433.24,2024-09-19
3446,1697,product_38,1,281.77,2024-02-22
3447,1698,product_44,1,238.8,2024-08-19
3448,1698,product_40,4,440.71,2024-07-22
3449,1699,product_44,5,232.09,2024-04-19
3450,1699,product_29,7,305.79,2024-05-24
3451,1699,product_58,3,476.67,2024-06-27
3452,1699,product_11,4,80.6,2024-09-14
3453,1700,product_17,8,308.73,2024-05-16
3454,1700,product_8,2,495.43,2024-07-27
3455,1700,product_24,4,434.99,2024-01-21
3456,1702,product_44,4,361.49,2024-05-10
3457,1702,product_7,3,389.9,2024-12-01
3458,1702,product_26,5,332.24,2024-02-13
3459,1703,product_45,6,392.98,2024-05-26
3460,1703,product_39,6,180.85,2024-06-02
3461,1704,product_56,6,338.33,2024-10-07
3462,1704,product_4,7,316.67,2024-08-06
3463,1705,product_4,9,268.14,2024-09-28
3464,1705,product_13,2,178.52,2024-08-20
3465,1705,product_45,7,443.1,2024-02-28
3466,1706,product_3,4,375.93,2024-11-18
3467,1708,product_39,3,51.73,2024-12-15
3468,1708,product_20,9,56.69,2024-06-18
3469,1709,product_1,9,41.61,2024-01-13
3470,1709,product_28,4,47.63,2024-09-16
3471,1709,product_46,1,355.67,2024-07-10
3472,1709,product_4,9,418.0,2024-11-01
3473,1710,product_13,6,370.67,2024-02-09
3474,1710,product_37,7,469.51,2024-06-11
3475,1712,product_59,6,379.6,2024-08-25
3476,1712,product_28,6,381.28,2024-09-07
3477,1712,product_39,9,470.97,2024-08-05
3478,1712,product_13,5,385.68,2024-06-01
3479,1713,product_28,7,379.47,2024-03-07
3480,1714,product_34,5,35.37,2024-04-21
3481,1717,product_11,3,464.72,2024-08-15
3482,1717,product_20,6,216.57,2024-04-12
3483,1717,product_40,6,339.68,2024-10-05
3484,1717,product_4,8,180.71,2024-07-28
3485,1718,product_41,2,358.39,2024-12-05
3486,1718,product_4,6,389.71,2024-05-28
3487,1719,product_58,5,234.8,2024-09-24
3488,1719,product_51,3,73.09,2024-02-12
3489,1719,product_43,5,292.94,2024-08-04
3490,1721,product_35,6,29.35,2024-03-24
3491,1721,product_1,1,24.38,2024-09-25
3492,1722,product_37,4,117.42,2024-06-10
3493,1722,product_31,3,353.8,2024-06-23
3494,1722,product_35,1,267.53,2024-12-05
3495,1723,product_54,1,109.8,2024-07-16
3496,1723,product_9,8,74.88,2024-12-25
3497,1723,product_4,3,123.52,2024-04-23
3498,1723,product_42,7,270.03,2024-10-13
3499,1727,product_33,1,349.82,2024-12-08
3500,1727,product_46,1,259.68,2024-03-16
3501,1727,product_1,6,350.68,2024-10-08
3502,1728,product_5,2,394.31,2024-03-26
3503,1728,product_19,1,215.61,2024-05-16
3504,1728,product_37,6,96.78,2024-08-04
3505,1728,product_29,3,227.35,2024-03-28
3506,1729,product_58,2,366.4,2024-03-07
3507,1729,product_22,7,34.34,2024-01-09
3508,1732,product_26,2,151.13,2024-07-28
3509,1733,product_39,8,163.95,2024-03-25
3510,1734,product_38,7,320.93,2024-03-21
3511,1734,product_16,8,344.96,2024-12-06
3512,1734,product_36,1,44.33,2024-06-09
3513,1735,product_33,5,465.03,2024-03-15
3514,1735,product_21,5,109.86,2024-02-27
3515,1735,product_8,5,430.35,2024-11-13
3516,1736,product_26,2,394.72,2024-02-12
3517,1737,product_43,2,64.57,2024-04-17
3518,1737,product_40,2,180.7,2024-02-24
3519,1738,product_58,3,139.09,2024-07-17
3520,1740,product_10,9,176.76,2024-06-13
3521,1740,product_17,5,43.97,2024-10-27
3522,1741,product_38,1,25.57,2024-03-11
3523,1742,product_43,9,109.18,2024-04-13
3524,1742,product_49,1,219.45,2024-12-10
3525,1743,product_55,2,7.39,2024-03-15
3526,1743,product_17,3,404.93,2024-10-27
3527,1743,product_12,5,116.45,2024-04-08
3528,1746,product_41,4,237.78,2024-11-14
3529,1746,product_17,9,384.83,2024-01-08
3530,1746,product_45,3,347.82,2024-12-24
3531,1747,product_21,3,267.25,2024-08-04
3532,1747,product_15,8,326.37,2024-04-09
3533,1747,product_57,5,52.13,2024-08-02
3534,1748,product_10,6,423.08,2024-11-11
3535,1748,product_49,1,394.27,2024-03-22
3536,1748,product_36,8,235.39,2024-06-25
3537,1748,product_10,3,89.05,2024-02-26
3538,1749,product_26,3,404.12,2024-12-20
3539,1749,product_40,1,465.62,2024-09-10
3540,1751,product_44,8,221.13,2024-11-17
3541,1751,product_8,9,95.3,2024-03-08
3542,1752,product_39,5,266.86,2024-06-27
3543,1752,product_57,5,122.51,2024-08-08
3544,1753,product_22,9,311.12,2024-10-19
3545,1754,product_34,5,208.01,2024-09-14
3546,1755,product_38,2,288.19,2024-08-11
3547,1756,product_35,4,193.49,2024-01-12
3548,1756,product_24,6,386.29,2024-09-16
3549,1758,product_48,2,411.0,2024-07-06
3550,1758,product_9,9,46.01,2024-06-25
3551,1758,product_41,1,145.17,2024-02-13
3552,1758,product_56,2,14.03,2024-10-26
3553,1759,product_51,7,81.37,2024-12-14
3554,1759,product_13,2,285.51,2024-11-07
3555,1759,product_28,5,69.39,2024-06-04
3556,1759,product_14,6,389.68,2024-02-11
3557,1760,product_51,7,37.45,2024-12-15
3558,1761,product_55,8,12.88,2024-08-11
3559,1761,product_25,4,212.29,2024-03-16
3560,1761,product_7,7,48.9,2024-05-03
3561,1762,product_59,1,131.88,2024-07-28
3562,1762,product_33,9,114.74,2024-03-22
3563,1763,product_27,4,223.25,2024-07-28
3564,1766,product_36,7,265.54,2024-12-09
3565,1766,product_39,4,16.86,2024-03-25
3566,1766,product_26,2,124.78,2024-03-27
3567,1767,product_24,6,328.83,2024-12-20
3568,1770,product_25,2,30.38,2024-09-23
3569,1770,product_30,3,137.96,2024-12-04
3570,1770,product_6,6,127.52,2024-06-17
3571,1770,product_37,1,377.41,2024-09-24
3572,1771,product_25,3,39.78,2024-08-08
3573,1772,product_42,8,439.78,2024-01-19
3574,1773,product_55,7,124.51,2024-08-21
3575,1774,product_26,3,492.0,2024-02-11
3576,1775,product_54,7,471.53,2024-04-03
3577,1775,product_53,4,138.25,2024-08-15
3578,1775,product_13,9,110.87,2024-03-18
3579,1776,product_1,3,248.09,2024-02-10
3580,1776,product_13,4,406.68,2024-09-20
3581,1776,product_11,5,113.12,2024-03-10
3582,1777,product_52,6,262.8,2024-08-20
3583,1777,product_2,4,491.07,2024-05-16
3584,1778,product_44,7,234.04,2024-10-05
3585,1778,product_26,8,52.37,2024-04-11
3586,1778,product_10,9,126.97,2024-12-03
3587,1779,product_6,4,447.94,2024-12-06
3588,1779,product_50,1,358.39,2024-03-13
3589,1780,product_49,5,322.69,2024-07-26
3590,1780,product_3,8,340.4,2024-07-11
3591,1780,product_52,9,141.94,2024-02-14
3592,1781,product_36,5,468.98,2024-05-09
3593,1781,product_55,1,388.59,2024-11-04
3594,1781,product_36,9,226.12,2024-01-26
3595,1781,product_47,7,444.39,2024-02-25
3596,1782,product_19,2,91.31,2024-02-24
3597,1783,product_24,6,492.28,2024-10-07
3598,1783,product_21,7,168.96,2024-09-05
3599,1783,product_48,7,18.21,2024-07-22
3600,1784,product_52,2,181.76,2024-07-20
3601,1784,product_26,5,298.69,2024-06-12
3602,1785,product_27,6,420.99,2024-05-05
3603,1785,product_53,2,453.08,2024-10-26
3604,1785,product_55,3,358.46,2024-06-19
3605,1786,product_3,3,444.4,2024-12-08
3606,1786,product_13,1,102.1,2024-02-26
3607,1786,product_7,3,315.57,2024-10-28
3608,1787,product_31,2,262.72,2024-02-27
3609,1789,product_43,9,141.69,2024-01-10
3610,1789,product_41,8,277.61,2024-02-08
3611,1789,product_14,5,207.95,2024-02-16
3612,1789,product_24,4,405.26,2024-10-14
3613,1790,product_18,8,159.72,2024-07-19
3614,1790,product_48,5,228.86,2024-06-09
3615,1790,product_26,9,101.83,2024-12-20
3616,1790,product_7,9,385.43,2024-11-23
3617,1791,product_32,4,155.28,2024-09-14
3618,1792,product_4,1,54.17,2024-03-27
3619,1792,product_4,9,440.27,2024-07-11
3620,1792,product_26,7,78.26,2024-03-15
3621,1792,product_10,8,349.24,2024-05-18
3622,1793,product_42,2,92.43,2024-01-13
3623,1793,product_49,1,77.28,2024-05-14
3624,1794,product_29,7,412.26,2024-03-16
3625,1795,product_2,2,365.94,2024-06-23
3626,1795,product_30,4,327.52,2024-09-12
3627,1795,product_11,6,173.05,2024-03-17
3628,1795,product_22,5,250.02,2024-07-07
3629,1796,product_3,4,249.14,2024-11-02
3630,1796,product_32,9,347.4,2024-11-17
3631,1796,product_23,2,449.36,2024-10-02
3632,1796,product_15,7,312.53,2024-05-02
3633,1797,product_4,5,54.74,2024-08-22
3634,1797,product_37,9,222.6,2024-06-02
3635,1799,product_52,1,144.72,2024-12-14
3636,1799,product_34,5,99.74,2024-12-09
3637,1799,product_2,6,423.83,2024-10-13
3638,1799,product_17,9,239.12,2024-11-25
3639,1800,product_57,5,111.18,2024-03-04
3640,1800,product_12,4,376.17,2024-08-02
3641,1800,product_58,5,139.64,2024-12-06
3642,1801,product_49,6,491.81,2024-09-26
3643,1801,product_2,8,297.82,2024-02-27
3644,1803,product_39,7,104.39,2024-01-10
3645,1803,product_35,5,319.02,2024-09-05
3646,1803,product_7,1,458.0,2024-05-12
3647,1804,product_30,6,344.77,2024-08-06
3648,1806,product_21,4,493.91,2024-04-21
3649,1808,product_9,2,332.5,2024-08-15
3650,1810,product_51,8,354.67,2024-11-25
3651,1810,product_43,9,291.62,2024-12-15
3652,1810,product_31,2,184.74,2024-08-15
3653,1811,product_55,4,83.83,2024-10-10
3654,1814,product_6,3,412.65,2024-10-12
3655,1814,product_43,9,143.93,2024-07-01
3656,1814,product_48,8,234.2,2024-02-25
3657,1815,product_31,8,227.73,2024-01-19
3658,1815,product_33,8,30.81,2024-08-05
3659,1815,product_54,2,307.36,2024-10-26
3660,1816,product_55,8,25.7,2024-02-22
3661,1816,product_46,2,226.89,2024-11-20
3662,1816,product_40,4,431.27,2024-01-03
3663,1817,product_11,6,10.96,2024-10-08
3664,1817,product_16,3,348.89,2024-08-16
3665,1817,product_43,6,238.81,2024-04-13
3666,1817,product_31,8,10.83,2024-07-28
3667,1818,product_42,3,476.92,2024-10-06
3668,1818,product_32,5,429.74,2024-05-25
3669,1818,product_57,9,161.04,2024-09-20
3670,1819,product_40,8,488.56,2024-12-27
3671,1819,product_39,9,58.5,2024-04-11
3672,1819,product_6,6,126.52,2024-03-03
3673,1823,product_7,4,372.14,2024-08-25
3674,1823,product_9,6,261.52,2024-07-17
3675,1823,product_29,9,258.03,2024-05-14
3676,1824,product_59,2,326.63,2024-10-12
3677,1824,product_20,9,366.79,2024-05-26
3678,1825,product_37,6,143.53,2024-02-21
3679,1826,product_36,4,136.76,2024-07-11
3680,1826,product_1,4,79.7,2024-12-22
3681,1826,product_14,5,216.64,2024-06-21
3682,1826,product_19,8,212.49,2024-05-26
3683,1827,product_32,1,143.1,2024-12-04
3684,1828,product_20,8,230.4,2024-01-12
3685,1829,product_47,8,274.29,2024-01-22
3686,1829,product_30,3,468.27,2024-10-13
3687,1829,product_54,7,250.55,2024-07-05
3688,1829,product_49,4,288.46,2024-06-13
3689,1830,product_46,5,170.85,2024-06-24
3690,1830,product_25,7,40.79,2024-07-27
3691,1831,product_22,1,349.8,2024-09-23
3692,1831,product_18,4,270.74,2024-04-22
3693,1831,product_39,5,228.98,2024-03-25
3694,1832,product_38,4,243.05,2024-07-26
3695,1832,product_7,4,39.17,2024-04-26
3696,1832,product_36,5,294.53,2024-03-16
3697,1835,product_35,7,475.63,2024-06-06
3698,1835,product_15,5,112.14,2024-05-20
3699,1836,product_44,1,394.42,2024-06-03
3700,1836,product_58,8,392.27,2024-11-12
3701,1836,product_59,8,186.36,2024-06-18
3702,1836,product_49,3,68.47,2024-06-08
3703,1837,product_56,3,94.95,2024-08-20
3704,1838,product_53,4,234.83,2024-04-11
3705,1838,product_12,6,455.54,2024-08-26
3706,1838,product_17,7,460.2,2024-04-28
3707,1838,product_33,2,271.76,2024-10-22
3708,1840,product_53,1,120.37,2024-06-27
3709,1840,product_32,7,379.26,2024-04-13
3710,1841,product_44,9,382.13,2024-10-12
3711,1841,product_17,9,6.85,2024-10-16
3712,1841,product_16,5,355.86,2024-01-01
3713,1842,product_33,6,281.16,2024-01-02
3714,1842,product_1,2,183.87,2024-03-11
3715,1842,product_36,1,454.31,2024-01-23
3716,1843,product_30,7,192.59,2024-01-07
3717,1843,product_5,6,64.3,2024-01-08
3718,1843,product_52,8,432.74,2024-02-10
3719,1843,product_43,6,53.9,2024-11-07
3720,1844,product_47,8,311.61,2024-10-07
3721,1844,product_40,3,393.68,2024-05-25
3722,1844,product_22,8,337.07,2024-12-13
3723,1845,product_7,2,238.19,2024-06-01
3724,1845,product_51,9,121.48,2024-02-24
3725,1845,product_33,6,116.72,2024-09-16
3726,1846,product_13,6,238.4,2024-05-13
3727,1847,product_16,5,292.8,2024-05-23
3728,1847,product_56,3,154.59,2024-05-01
3729,1848,product_27,4,332.22,2024-07-11
3730,1848,product_7,2,489.41,2024-01-11
3731,1848,product_51,6,332.31,2024-04-28
3732,1849,product_37,3,171.49,2024-01-22
3733,1849,product_38,1,144.99,2024-11-03
3734,1849,product_24,5,88.49,2024-11-14
3735,1850,product_11,4,112.67,2024-05-06
3736,1850,product_56,4,337.14,2024-11-11
3737,1850,product_15,9,323.92,2024-04-27
3738,1850,product_10,7,250.86,2024-06-25
3739,1853,product_26,8,268.12,2024-09-18
3740,1853,product_48,8,51.54,2024-09-17
3741,1853,product_41,5,249.83,2024-03-07
3742,1855,product_30,7,211.39,2024-11-07
3743,1855,product_50,1,247.11,2024-03-28
3744,1855,product_24,5,275.5,2024-04-01
3745,1855,product_33,2,348.05,2024-10-22
3746,1856,product_36,1,348.05,2024-11-12
3747,1857,product_14,9,435.12,2024-04-17
3748,1857,product_39,5,197.84,2024-07-11
3749,1858,product_40,1,335.91,2024-08-19
3750,1858,product_44,9,330.65,2024-03-12
3751,1859,product_36,1,266.68,2024-05-11
3752,1859,product_17,8,314.24,2024-05-22
3753,1860,product_1,5,162.59,2024-06-20
3754,1860,product_29,9,396.04,2024-09-15
3755,1861,product_24,4,419.22,2024-11-04
3756,1862,product_21,2,294.73,2024-08-06
3757,1862,product_35,6,395.39,2024-08-09
3758,1862,product_9,4,124.75,2024-03-20
3759,1862,product_47,2,114.72,2024-07-15
3760,1863,product_60,3,42.14,2024-11-21
3761,1863,product_46,8,241.11,2024-01-05
3762,1864,product_18,4,283.31,2024-08-21
3763,1864,product_10,6,325.27,2024-05-24
3764,1865,product_10,1,411.51,2024-10-05
3765,1865,product_44,9,492.48,2024-08-06
3766,1865,product_36,7,249.56,2024-01-23
3767,1865,product_52,3,296.65,2024-04-05
3768,1868,product_22,7,497.86,2024-02-05
3769,1869,product_32,2,318.16,2024-03-17
3770,1869,product_35,6,472.32,2024-02-13
3771,1870,product_47,1,361.09,2024-01-26
3772,1870,product_51,9,493.91,2024-02-27
3773,1870,product_29,1,109.93,2024-06-09
3774,1872,product_24,7,101.39,2024-04-20
3775,1872,product_46,6,120.68,2024-10-28
3776,1874,product_10,1,288.01,2024-01-19
3777,1880,product_54,7,144.43,2024-02-17
3778,1880,product_27,8,80.73,2024-10-17
3779,1882,product_52,9,326.53,2024-03-14
3780,1882,product_26,4,94.72,2024-06-12
3781,1882,product_49,8,83.12,2024-08-12
3782,1883,product_7,9,222.75,2024-01-19
3783,1883,product_30,1,207.23,2024-11-04
3784,1883,product_20,9,159.92,2024-07-23
3785,1883,product_52,5,21.12,2024-08-26
3786,1884,product_24,2,283.8,2024-04-12
3787,1884,product_40,8,391.07,2024-12-19
3788,1884,product_16,7,295.68,2024-11-06
3789,1885,product_46,7,117.83,2024-07-12
3790,1885,product_6,3,254.47,2024-03-01
3791,1886,product_10,9,197.56,2024-09-12
3792,1886,product_50,7,241.71,2024-09-02
3793,1887,product_24,6,438.96,2024-02-25
3794,1887,product_39,1,346.59,2024-03-23
3795,1887,product_54,8,157.99,2024-02-18
3796,1888,product_10,6,418.16,2024-06-15
3797,1889,product_14,2,30.27,2024-02-22
3798,1890,product_11,2,203.42,2024-07-26
3799,1892,product_60,3,464.33,2024-03-04
3800,1892,product_25,2,364.74,2024-01-09
3801,1892,product_31,8,412.02,2024-03-05
3802,1893,product_8,1,6.22,2024-04-09
3803,1894,product_28,5,86.32,2024-03-09
3804,1894,product_27,2,251.84,2024-04-26
3805,1894,product_33,6,316.63,2024-07-18
3806,1894,product_51,6,102.01,2024-03-07
3807,1895,product_46,4,328.92,2024-05-06
3808,1896,product_48,4,357.83,2024-05-15
3809,1896,product_36,2,290.13,2024-09-22
3810,1896,product_10,6,211.0,2024-08-06
3811,1898,product_33,7,137.09,2024-04-18
3812,1898,product_6,3,374.08,2024-02-06
3813,1898,product_19,7,137.31,2024-07-14
3814,1898,product_8,1,44.99,2024-06-01
3815,1899,product_35,6,171.32,2024-05-02
3816,1899,product_58,4,154.03,2024-12-11
3817,1899,product_28,2,33.13,2024-06-09
3818,1899,product_9,3,120.13,2024-05-27
3819,1901,product_51,4,58.26,2024-04-08
3820,1902,product_56,4,346.54,2024-05-04
3821,1902,product_24,5,100.74,2024-02-23
3822,1903,product_6,9,391.18,2024-10-18
3823,1903,product_19,6,258.41,2024-10-21
3824,1903,product_3,4,492.79,2024-12-24
3825,1903,product_34,5,42.81,2024-01-14
3826,1904,product_42,3,481.61,2024-10-19
3827,1904,product_52,3,140.94,2024-08-03
3828,1905,product_11,4,458.04,2024-01-27
3829,1905,product_16,7,6.73,2024-02-01
3830,1905,product_45,2,433.93,2024-12-08
3831,1905,product_12,6,226.98,2024-09-02
3832,1906,product_52,6,405.21,2024-12-22
3833,1906,product_15,8,297.45,2024-08-25
3834,1906,product_19,5,85.17,2024-01-06
3835,1906,product_36,9,442.68,2024-09-27
3836,1909,product_29,5,372.83,2024-07-18
3837,1909,product_9,5,368.04,2024-08-03
3838,1909,product_51,2,472.28,2024-08-02
3839,1910,product_3,9,111.15,2024-04-05
3840,1911,product_44,1,377.11,2024-11-21
3841,1911,product_55,3,6.9,2024-12-22
3842,1912,product_27,9,314.87,2024-03-15
3843,1912,product_51,3,272.87,2024-03-20
3844,1912,product_3,3,337.62,2024-07-07
3845,1912,product_20,7,485.95,2024-06-02
3846,1914,product_4,5,431.89,2024-06-23
3847,1916,product_17,4,221.63,2024-01-13
3848,1918,product_21,5,78.8,2024-05-17
3849,1918,product_36,1,198.03,2024-09-17
3850,1918,product_27,9,376.98,2024-05-05
3851,1918,product_9,1,79.14,2024-09-25
3852,1919,product_54,4,475.0,2024-10-20
3853,1920,product_21,3,57.54,2024-03-22
3854,1921,product_27,3,188.4,2024-01-28
3855,1921,product_34,9,498.31,2024-07-04
3856,1921,product_19,3,440.05,2024-06-15
3857,1923,product_58,6,124.11,2024-06-21
3858,1923,product_52,3,490.41,2024-08-07
3859,1923,product_51,1,13.71,2024-02-14
3860,1923,product_10,1,166.56,2024-08-11
3861,1924,product_29,1,127.45,2024-06-21
3862,1924,product_50,3,270.69,2024-09-17
3863,1924,product_13,4,38.56,2024-12-17
3864,1928,product_9,6,483.29,2024-03-06
3865,1928,product_30,7,359.39,2024-06-04
3866,1928,product_42,8,255.02,2024-09-22
3867,1929,product_3,4,235.15,2024-03-16
3868,1930,product_39,2,279.36,2024-03-23
3869,1930,product_19,5,392.77,2024-03-20
3870,1931,product_46,6,276.43,2024-06-16
3871,1932,product_21,4,498.18,2024-06-06
3872,1932,product_52,7,32.11,2024-10-16
3873,1933,product_40,7,318.22,2024-12-22
3874,1933,product_25,7,313.41,2024-03-22
3875,1933,product_19,9,275.37,2024-06-25
3876,1933,product_39,4,27.91,2024-09-28
3877,1934,product_60,1,384.62,2024-07-09
3878,1937,product_3,6,51.98,2024-06-01
3879,1937,product_39,8,65.8,2024-05-04
3880,1938,product_59,1,202.92,2024-03-05
3881,1938,product_51,9,317.65,2024-08-12
3882,1938,product_20,8,451.36,2024-06-01
3883,1939,product_23,8,361.94,2024-11-20
3884,1939,product_30,5,424.72,2024-09-20
3885,1940,product_20,3,90.97,2024-08-16
3886,1941,product_52,8,12.11,2024-12-07
3887,1941,product_7,2,479.47,2024-08-04
3888,1941,product_52,5,134.2,2024-01-03
3889,1941,product_43,4,354.8,2024-01-11
3890,1942,product_42,8,265.87,2024-03-15
3891,1942,product_10,5,256.58,2024-10-04
3892,1943,product_7,4,177.51,2024-12-20
3893,1944,product_26,3,288.63,2024-10-15
3894,1944,product_5,5,63.34,2024-01-28
3895,1945,product_55,3,375.79,2024-01-24
3896,1945,product_11,8,62.12,2024-05-01
3897,1946,product_10,8,392.13,2024-12-22
3898,1946,product_56,4,488.99,2024-10-10
3899,1946,product_59,9,369.61,2024-01-25
3900,1946,product_52,7,135.81,2024-03-27
3901,1947,product_24,2,84.42,2024-02-16
3902,1947,product_4,2,369.9,2024-05-12
3903,1948,product_46,4,138.65,2024-10-27
3904,1948,product_29,2,315.74,2024-12-16
3905,1948,product_28,6,350.87,2024-02-21
3906,1950,product_20,4,39.16,2024-07-27
3907,1950,product_21,4,198.86,2024-04-06
3908,1951,product_34,5,429.81,2024-10-28
3909,1951,product_13,3,300.36,2024-08-16
3910,1951,product_15,3,165.08,2024-04-26
3911,1951,product_21,7,74.38,2024-11-16
3912,1952,product_54,6,154.84,2024-02-25
3913,1952,product_25,7,395.29,2024-03-19
3914,1952,product_26,7,401.24,2024-05-06
3915,1952,product_52,9,38.32,2024-04-24
3916,1953,product_11,7,473.5,2024-03-13
3917,1953,product_55,3,487.12,2024-08-21
3918,1953,product_4,8,159.26,2024-11-14
3919,1953,product_14,2,143.06,2024-11-20
3920,1954,product_37,6,434.59,2024-08-21
3921,1954,product_16,7,291.52,2024-03-05
3922,1954,product_51,9,347.24,2024-02-09
3923,1955,product_60,1,42.08,2024-06-06
3924,1955,product_42,5,249.9,2024-05-12
3925,1955,product_38,2,277.58,2024-10-17
3926,1955,product_47,4,243.43,2024-06-04
3927,1956,product_10,7,112.55,2024-07-03
3928,1956,product_6,1,208.37,2024-09-03
3929,1956,product_48,1,429.55,2024-07-17
3930,1956,product_31,8,98.76,2024-12-18
3931,1957,product_5,3,360.88,2024-02-10
3932,1958,product_33,5,237.05,2024-04-17
3933,1958,product_59,7,487.44,2024-05-14
3934,1959,product_20,7,287.25,2024-06-11
3935,1959,product_19,2,274.36,2024-06-04
3936,1959,product_17,4,391.94,2024-06-04
3937,1960,product_48,1,324.98,2024-02-07
3938,1961,product_7,5,444.78,2024-03-10
3939,1961,product_45,2,243.46,2024-02-12
3940,1961,product_31,1,323.57,2024-11-06
3941,1961,product_38,9,213.0,2024-01-06
3942,1962,product_38,6,383.81,2024-06-22
3943,1963,product_24,8,5.75,2024-10-23
3944,1963,product_43,9,176.78,2024-08-20
3945,1964,product_54,8,21.89,2024-11-19
3946,1964,product_18,2,250.76,2024-02-14
3947,1965,product_10,2,12.24,2024-09-23
3948,1965,product_10,7,379.35,2024-07-06
3949,1965,product_55,3,55.59,2024-09-16
3950,1966,product_3,3,362.65,2024-09-09
3951,1967,product_12,4,56.64,2024-11-05
3952,1967,product_43,6,81.36,2024-07-14
3953,1967,product_44,9,51.04,2024-11-05
3954,1967,product_20,8,199.87,2024-07-18
3955,1969,product_19,5,121.47,2024-05-15
3956,1970,product_14,5,60.12,2024-07-11
3957,1970,product_38,3,104.42,2024-01-01
3958,1971,product_26,2,273.48,2024-10-20
3959,1971,product_36,6,298.25,2024-10-21
3960,1971,product_49,1,31.49,2024-04-04
3961,1972,product_24,4,126.58,2024-11-19
3962,1974,product_2,5,222.59,2024-07-04
3963,1974,product_55,6,408.32,2024-09-22
3964,1976,product_15,1,149.78,2024-09-16
3965,1976,product_57,8,297.83,2024-08-01
3966,1976,product_43,5,156.82,2024-10-26
3967,1977,product_6,4,169.07,2024-03-09
3968,1977,product_22,3,183.35,2024-12-01
3969,1978,product_23,9,459.97,2024-07-02
3970,1978,product_11,4,213.39,2024-08-14
3971,1979,product_12,8,48.74,2024-11-14
3972,1979,product_45,4,444.4,2024-09-08
3973,1980,product_44,6,441.06,2024-12-26
3974,1981,product_2,9,440.94,2024-08-09
3975,1981,product_26,3,283.21,2024-04-09
3976,1981,product_30,7,81.91,2024-07-20
3977,1981,product_31,6,252.99,2024-08-24
3978,1982,product_47,4,333.14,2024-06-12
3979,1983,product_46,7,157.42,2024-09-13
3980,1984,product_4,4,53.69,2024-02-03
3981,1984,product_41,5,46.7,2024-10-04
3982,1984,product_46,4,480.98,2024-01-24
3983,1984,product_33,9,379.65,2024-09-14
3984,1985,product_38,9,473.38,2024-06-26
3985,1986,product_20,6,451.93,2024-11-05
3986,1986,product_57,4,48.9,2024-07-01
3987,1986,product_21,3,456.07,2024-06-11
3988,1986,product_32,9,230.58,2024-11-16
3989,1987,product_19,5,430.4,2024-06-28
3990,1987,product_39,3,23.97,2024-03-15
3991,1987,product_50,9,118.97,2024-12-02
3992,1987,product_57,4,61.34,2024-06-16
3993,1988,product_29,4,248.87,2024-07-04
3994,1988,product_1,9,281.97,2024-11-11
3995,1990,product_9,8,238.34,2024-09-23
3996,1990,product_48,1,312.22,2024-03-03
3997,1990,product_46,3,273.38,2024-10-04
3998,1991,product_42,7,384.23,2024-03-24
3999,1991,product_21,5,272.89,2024-10-14
4000,1993,product_44,4,469.26,2024-09-20
4001,1993,product_55,1,410.58,2024-04-26
4002,1993,product_51,3,375.05,2024-04-06
4003,1995,product_33,7,20.78,2024-06-05
4004,1995,product_55,7,143.24,2024-08-07
4005,1995,product_52,6,293.09,2024-04-16
4006,1995,product_44,6,347.49,2024-11-20
4007,1996,product_29,8,426.89,2024-12-11
4008,1997,product_40,4,269.22,2024-06-27
4009,1998,product_25,5,304.45,2024-03-15
4010,1998,product_58,5,244.58,2024-12-09
4011,1999,product_3,6,324.82,2024-03-18
4012,1999,product_25,3,5.03,2024-03-09
4013,2000,product_14,6,57.12,2024-07-10
